,content_new,소비자
142, 미국 증시는 12월달 민간 부분 고용이 크게 늘어났다는소식이 긍정적으로 작용하면서 어제의 급락에서 벗어나 상승세를 탔지만 오후까지 이 상승세를 지키지 못하고 보합으로 장을 마감했습니다.,1
289,  건설업 구직자들은 올해 취업난 해소에 대한 기대감이 높은 것으로 나타났다.,1
293, '지난해보다 좋아질 것'이라는 응답은 1년 전 같은 조사에 비해 무려 30% 포인트 증가한 수치다.,1
341,이와 함께 환경문제가 본격적으로 대두되는 가운데 소비자 파워가 급상승하면서 대응하기에 따라 심사업 기회가 창출될 수 있을 것으로 전망됐다.,1
482,"금통위는 발표문에서 """"최근 투자 증가율이 낮은 수준이지만 수출이 높은 신장세를 유지하고 소비도 꾸준히 늘어 경기 상승기조를 이어가고 있다""""고 밝히고 다만 고유가와 국제금융시장의 불안으로 경기 흐름의 불확실성이 여전히 높은 상황이라고 지적했다.",1
532,"금통위는 """"수출이 높은 신장세를 유지하고 소비도 꾸준히 늘어나는 등 상승기조를 이어가고 있다""""며 """"다만 고유가와 국제금융시장의 불안으로 경기 흐름의 불확실성이 여전히 높은 상황""""이라며 콜금리 동결 배경을 설명했다.",1
545,실제 새 정부의 기업 규제완화 방침에 고무된 30대 그룹은 시설투자 규모를 작년보다 19.1%나 늘리겠다고 밝혔고 12월 소비자기대지수는 2년여 만에 가장 높은 104를 기록했다.,1
851," 배성영 현대증권 연구원은 """"이달말에 접어들수록 미국연방준비제도이사회(FRB)의 금리 인하 기대와 28일 부시 대통령의 연설이 예정된 가운데 행정부의 재정정책집행 기대로 시장 투자심리의 반전 가능성도 있다""""고 내다봤다.",1
1059,"김석동 재정경제부 제1차관은 """"국내 성장과 물가 고용 등 대내적 요인들은 양호한 상태지만 대외적 변수들이 우리 경제에 미치는 영향과 대응에 대해 점검하겠다""""고 밝혔습니다.",1
1182,5% 상승했다고 블룸버그 통신이 24일 보도했다.,1
1403,    이날 발표된 일본의 12월 실업률과 가계지출이 호조를 보인 것도 증시를 끌어올렸다.,1
1404,    12월 가계지출은 전년보다 2.2% 증가했고 실업률은 3.8%로 나와 예상치를 소폭밑돌았다.,1
1934, 13일(현지시간) 1월 소매판매 실적은 예상치를 넘어서며 경기후퇴 우려감을 한풀 덜어냈고 조지 W.,1
1997, 특히 세계 각국의 소비심리가 여전히 살아있어 경제의 안전판 역할을 할 것으로 예상된다.,1
1998, 미국인들의 소비심리가 깜짝 상승세를 기록 경기침체에 대한 우려를 크게 줄여 주었다.,1
2026,통계청이 14일 발표한 '2007년 연간 및 4분기 가계수지 동향'에 따르면 지난해 전국 가구의 월평균 소득은 322만5000원으로 2006년에 비해 5.1% 늘어났다.,1
2199,    통계청이 18일 발표한 '2008년 1월 고용동향'에 따르면 1월 취업자는  전년동월대비 23만5천명 늘어났고 실업률은 3.3%를 기록해 전년동월대비 0.3%p 하락했다.,1
3082,완전실업자수는 전년 동월 대비 8만명 감소한 256만명으로 26개월 연속 감소했다.,1
3493, 2월 소비자기대지수는 전 소득계층 및 전 연령대에서 전월보다 하락했으나 100만원 미만 소득계층을 제외하고는 기준치 100을 상회하고 있어 아직은 향후 경기에 대한 낙관이 비관치보다 큰 것으로 풀이된다.,1
3772,독일 민간경제연구소인 유럽경제연구센터(ZEW)는 11일 독일의 3월 '투자자 경기신뢰지수'가 지난 달 마이너스 39.5에서 마이너스 32로 개선됐다고 밝혔다.,1
4719,    반면 소비지출전망CSI는 119로 전분기 117보다 높아진 가운데 의류비 의료·보건비 지출 등이 전분기 수준을 유지한 반면 교육비 등은 상승했다.,1
5017,또한 경기하강 우려 속에서도 소비자신뢰지수가 견실한 상태를 유지하고 있는 것으로 나타났다.,1
5018, 독일의 시장조사 기관인 GfK가 27일 발표한 4월 소비자신뢰지수 전망치는 4.6으로 전달(4.5)보다 높은 것으로 나타났다.,1
5019,독일의 소비자신뢰지수가 상승한 것은 실업자 수가 지속적으로 하락하고 독일 노사 간 잇따라 높은 수준의 임금인상 합의가 이뤄짐에 따라 소비자들의 경기 전망이 호전되고 있기 때문으로 분석되고 있다.,1
5044, 증시가 기지개를 켜며 투자자들의 관심도 다시 뜨거워지고 있다.,1
5227, 민간 연구기관인 ADP가 예상을 깨고 3월 민간고용이 8000명 증가했다고 밝혔다.,1
5229,반면 2월 제조업주문은 1.3% 줄어들며 당초 전문가들의 예상인 0.8% 감소를 하회한 것으로 집계됐다.,1
5320, 하지만 독일의 경우 지난 15년 동안 구매력은 매우 떨어졌고 지난 3년간 제로에 가까운 실질 임금 인상률을 보여 이번 인금인상은 옳았다고 덧붙였다.,1
5883,[뉴스투데이]● 앵커 : 정부가 소득세와 상속세 부담을 줄이고 법인세도 내리겠다는 뜻을 밝혔습니다.,1
5886,● 기자 : 어제 취임후 첫 기자회견을 연 강만수 기획재정부 장관은 재정 여건을 봐서 소득세를 내리겠다고 밝혔습니다.,1
6030,지경부는 &ldquo;민간소비와 수출의 증가로 제조업 산출량이 8.4% 늘어난 반면 노동투입량은 전년보다 1.1% 감소한 것이 생산성의 증가 원인&rdquo;이라고 밝혔다.,1
6363, 그밖에 정부는 해양레저 관광 육성 지방 골프장 세 부담 완화 의료·교육 분야 개방 등 ‘서비스 산업 선진화’를 통해 일자리 창출을 유도해 나가기로 했다.,1
6579,그래서 지난주 １만 ２０００선 심리적 지지선을 다시 한번확인함으로써 다우지수뿐만 아니고 세계 증시의 투자심리는 상당히 안정국면으로 접어든 양상을 보이고 있습니다.,1
6602,역시 우리나라는 아직은 비중을 줄이는 시장으로 나타나고 있고 반면에 긍정적인 점은 지난 ２월에는 ５５％가 줄이고 있다라고 대답했기 때문에 외국인 펀드매니저의 투자심리는 좀 개선추세다， 이렇게 볼 수 있겠습니다.,1
6634, 4월 실업률은 전문가 예상치인 5.2% 보다 낮은 5.0%로 나타났다.,1
6658, 미국의 4월 고용지표가 우려보다 괜찮은 수준으로 발표됨에 따라 경기후퇴(recession)가 완만하게 진행될 것이라는 전망이 제기된 것도 투자 심리를 지지했다.,1
6691, 1분기 국내총생산(GDP)가 예상을 깨고 증가세를 기록한 것과 지난달 고용지표가 예상보다 개선된 성적을 보인 것이 힘이 돼줬다.,1
6739, 그러나 IIF는 식료품 가격 급등으로 인한 인플레 압력은 과장된 측면이 있어 점차 진정될 것이라고 예상했다.,1
6967, 부시 행정부는 이에 따라 미 국민과 기업들에 1680억 달러에 달하는 세금을 환급해주는 경기부양책을 실시했다.,1
6977,  6개월 전과 비교해 현재의 경기와 생활형편을 평가하는 소비자 평가지수도 80으로 3월에 비해 3.6포인트 오르며 여섯 달만에 상승세로 돌아섰습니다.,1
7147,건설업계가 국내 건설경기 불황 속에서도 올해 신규 인력 채용을 예년보다 늘리거나 예년 수준으로 유지해 관심을 끈다.,1
7148, 중동 등 해외에서 대규모 사업 수주가 급증하고 있는 데다 국내에서도 제한적이지만 대형 프로젝트가 잇따라 쏟아지면서 인력수요가 늘고 있기 때문이다.,1
7164," 현진 관계자는 """"주택건설시장이 수년째 침체국면을 걷고 있지만 기존 사업현장을 유지하고 향후 경기회복에 대비해야 하기 때문에 인력을 지속적으로 채용하고 있다""""고 말했다.",1
7306,    증시는 오후장 들어 상승폭을 1% 가량 확대했으며 이는 주요  기업들의  실적이 호조를 보임에 따라 투자심리가 개선된 때문으로 분석됐다.,1
7909, 23일 통계청이 발표한 ‘2008년 1/4분기 가계수지 동향'을 보면 2인이상 비농어가를 포함한 전국 가구의 월평균 명목소득은 341만4900원으로 전년동기대비 5.0% 증가했다.,1
7956,국 상대적 빈곤율 OECD 중 8위 올 1분기(1~3월) 동안 우리나라 가구당 월평균 소득은 341만4천원으로 지난해 같은 기간과 비교해 5.0%가 늘어났고 소비는 241만9천원으로 5.3%가 증가했다.,1
7958,통계청이 23일 밝힌 '1분기 가계수지 동향'에 따르면 1분기 소득은 세부적으로 근로소득이 7.2% 증가하는 덕분에 5.0% 늘어났다.,1
8433, 반면 정규직 근로자는 1035만6000명으로 4%(39만8000명) 늘었다.,1
8434, 전체 임금근로자 중 정규직의 비중도 63.3%에서 64.8%로 늘어난 반면 비정규직 비중은 36.7%에서 35.2%로 떨어졌다.,1
8435, 비정규직 차별 해소와 남용을 막기 위한 비정규직보호법 시행으로 비정규직 규모 자체는 감소한 것이다.,1
8438, 근로형태별로 보면 한시적 근로자는 3월 현재 324만9000명으로 전년 동월에 비해 10.8%(39만3000명) 감소했다.,1
8446, 통계청에 따르면 임금근로자의 올 1~3월 월평균 임금은 181만1000원으로 1년 전의 172만4000원보다 5.0% 증가했다.,1
8447, 정규직의 경우 210만4000원으로 6.0% 늘었다.,1
8752,  벤 버냉키 FRB 연방준비제도 이사회의장이 하반기 경기회복을 전망하면서 투자심리에 긍정적인 영향을 미쳤습니다.,1
9639, 유가가 급등하는 가운데 정부 보조금 덕분에 중국 소비자들은 싼값에 석유를 소비했다는 것이다.,1
9647," 유가가 급등했지만 소비는 늘어나는게 당연하다""""며 """"대체에너지가 있다면 소비가 크게 줄겠지만 중국의 사정은 그렇지 않다""""고 강조했다.",1
9778,   이는 중산층의 소득점유율이 외환위기 이후 낮아졌지만 2006년에 회복되고 있는 것으로 추정할 수 있다고 KDI는 분석했다.,1
9924, 그러나 5월 개인소득과 소비지출이 세금환급 효과에 힘입어 월가 예상치를 비교적 크게 넘어섰다는 소식은 주요 지수의 버팀목으로 작용하고 있다.,1
9941, ◇美 5월 소득·소비 호조.,1
9943,`세금환급 효과`미국의 5월 개인소득과 소비지출이 정부의 세금환급에 힘입어 월가 예상치를 모두 넘어선 것으로 나타났다.,1
9945, 미국 상무부는 5월 개인소득이 1.9% 증가해 지난 2005년9월 이후 가장 큰 폭으로 늘어났다고 밝혔다.,1
9946, 소비지출 증가율도 0.8%에 달해 지난해 11월 이후 최고치를 기록했다.,1
9949, 실질 가처분 소득은 5.3% 늘어나 1975년 이후 최고치를 기록한 것으로 집계됐다.,1
9950, 저축도 크게 증가했다.,1
10672,전문가들은 지난주에 2007년 2월 저점인 2541선을 확인한 후 투자 심리가 회복 중이라고 분석하고 있다.,1
11406, 제빵용 강력분은 2만 천7백 원에서 2만 원으로 박력분은 만 9천7백 원에서 만 7천7백 원으로 각각 내립니다.,1
11744," 반면 아르헨티나 정부는 """"지난 2003년부터 이어진 높은 경제성장으로 빈곤층은 20.6% 극빈곤층은 5.7%에 머물고 있으며 빈곤층 비율이 감소세를 보이고 있다""""고 상반된 주장을 했다.",1
11750,유가가 다시 약세를 보이고 생각보다 양호한 경제지표가 투자심리를 다소 회복시켰다.,1
11754,(지수는 잠정치)2분기 주택차압률이 전년 동기 대비 121% 증가한 것으로 드러나면서 모기지 부담 가중으로 전날 하락한 금융주에 다시한번 타격을 줄 것이라는 전망이 나오기도 했지만 예상치를 상회한 내구재 주문과 소비자신뢰지수가 이 같은 우려를 상쇄했다.,1
11766, 기업 호감도는 이처럼 낮지만 기업 역할에 대한 평가나 기대감은 매우 높았다.,1
12164, 의료정보기술(IT)회계바이오테크놀로지 분야의 고용시장은 상대적으로 강세를 보이고 있다고 덧붙였다.,1
12277,"    양국 정상은 공동성명에서 """"한미 FTA가 양국 모두에 무역을 확대하고 경제성장을 촉진하며 일자리를 창출하는 한편 양국간 동반자 관계에 있어 경제 분야의 항구적인 버팀목이 돼줄 것""""이라는 점을 재확인하고 빠른 시일내에 협정이 비준될 수 있도록 입법부와 협력해 나가기로 했다.",1
12306, 2분기로는 62조4266억원으로 전년동분기보다 9.2% 증가했다.,1
12310,세부적으로 살펴보면 주요 상품군별 판매액은 차량용연료(15.0%) 화장품 및 비누(13.9%) 의약품ㆍ의료용품(11.7%) 식료품(7.4%)등 비내구재에서 11.5%가 늘었으며 차량용연료를 제외하면 9.7% 증가했다.,1
12314,편의점은 14% 증가했으며 사이버쇼핑몰 등 무점포판매는 15% 늘어 두자리수 증가세를 지속했다.,1
12585,12일 중국 증시가 예상보다 낮은 소비자물가(CPI) 상승률 발표에도 불구하고 하락세를 지속하고 있다.,1
13102, 통계청이 22일 발표한 ‘2분기 가계수지 동향’에 따르면 2분기 2인 이상 가구의 월 평균 소득은 325만원으로 지난해 2분기보다 5.1% 늘었다.,1
13108, 겉으로만 보면 지난해에 비해 4.6% 늘어났다.,1
13131, 장단기 스프레드와 소비자 기대 등 3개 항목은 상승했다.,1
13640, 실질 소비지출은 당초의 연율 1.5% 상승에서 1.7% 상승으로 수정됐다.,1
13764,    2009년 기준으로 중산서민층에 전체의 43.9%에 해당하는 5조1천억원의 감세효과가 돌아가고 중소기업도 1조7천억원(14.3%)의 감세효과를 누리게 된다는 것이다.,1
13767,    수치상으로는 중산서민층과 중소기업이 보는 감세효과가 높다.,1
14217, 미국 정부의 구제금융 실시로 지수가 70포인트 넘게 폭등한 가운데 관련 그룹들이 위기설을 불식하기 위한 해명에 적극적으로 나서면서 투자심리가 호전됐기 때문으로 풀이된다.,1
14412,국내 기업들의 신규채용 증가에 힘입어 올해 총 근로자수 증가율이 2006년 이후 최고치인 4%를 기록한 것으로 나타났다.,1
14413," 전국경제인연합은 11일 오후 서울 신라호텔에서 회장단 회의를 가진 뒤 """"2008년 총 근로자수는 전년 대비 4% 증가한 73만4363명으로 2006년 이래 최고치""""라고 밝혔다.",1
14755, [서정광/LIG투자증권 투자전략팀장 : 미국 정부가 구제 금융 소식을 발표하면서 그와 관련된 냉각된 투자심리가 회복되고 있는 양상입니다.,1
15515, 미국의 민간 연구기관인 컨퍼런스보드는 9월 소비자신뢰지수가 전월의 58.5에서 59.8로 높아졌다고 밝혔다.,1
16499,다만 금융 위기 해결을 위한 글로벌 정책 공조화가 신흥국까지 확산되고 있다는 점 등은 단기적으로 투자 심리 안정에 긍정적 영향을 미칠 것으로 예상했다.,1
17123,  ▲ 주간 옥수수 가격 변동 추이(출처 : NYT)미국과 중국의 기준금리 인하는 농산물 투자수요는 물론 실물 수요도 살아나게 할 것이란 전망이다.,1
17224,"    오크트리 자산운용의 로버트 파브릭 최고투자책임자(CIO)는 """"FRB와 미 재무부의유동성 공급 프로그램에 고무돼 투자심리가 개선됐다""""며 """"유동성 공급은 신용시장  경색을 완화하고 기업어음(CP) 시장을 어느 정도 정상화시켰다""""고 해석했다.",1
18966,소비자물가가 안정된 것은 휘발유 경유 등유 등 석유류 가격이 안정됐기 때문.,1
19442,    4일 미 노동부는 지난 11월29일로 끝난 주간의 실업보험청구자수가 2만1천명 줄어든 50만9천명으로 집계됐다고 밝혔다.,1
19562, 신규 실업수당 청구건수가 예상을 뒤엎고 4주만의 최소치를 기록한 것으로 발표된 점은 위안이 됐다.,1
20100, 실업자에 대해 취업 알선 지원을 해주고 필요시 600만원까지 생계비도 지원해준다.,1
20360,  ◇금융소외자 지원= 금융소외자의 자활을 지원하기 위해 만들어진 소액서민금융재단의 소액서민대출·소액보험 규모도 올해 270억원에서 400억원으로 확대된다.,1
20361, 전통시장 영세상인 소액대출사업도 전국적으로 확대되고 소액보험 수혜대상도 넓어진다.,1
20362, 학자금 대출 연체자의 경우 졸업 후 1년까지 금융채무불이행자 등록을 유예해주고 신용회복 프로그램에 가입할 경우 취업시까지 채무상환을 유예해줄 방침이다.,1
20366, 일자리 창출을 위해 내년에는 금융공기업이 전체 인력의 4% 수준으로 인턴을 신규채용하기로 했다.,1
20368, 은행 등 시중 금융회사들도 정원의 2%까지 인턴을 채용 하도록 유도키로 했다.,1
21197,다만 정부의 경기부양 의지와 원자재 가격 하락은 호재라고 밝혔다.,1
21198," 그는 """"정부의 적극적인 경기부양 노력에 따라 공공부문을 중심으로 한 수요증가가 기대된다""""며 """"유가 및 원자재 가격이 금년에는 큰 폭의 하락세를 보일 것으로 예상되는 점은 긍정적""""이라고 설명했다.",1
21572, 동양종금증권 이재만 연구원은 “구조조정을 하게 되면 부실 기업에 대한 불안감이 어느 정도 해소되면서 건설과 조선업 등 해당 업종에 대한 투자심리가 회복되는 긍정적인 영향이 있을 전망”이라고 말했다.,1
22838,서울=연합인포맥스) 정선미 기자= 중국의 지난해 산업생산과 소매판매가 전년보다 각각 12.9% 21.6% 증가했다고 중국 국가통계국(NBS)가 22일 발표했다.,1
22840,    소매판매 증가율은 지난 2007년보다 4.8%P 높아졌다.,1
23283,5개월 만에 소비심리가 소폭 개선됐다.,1
23284,  28일 한국은행이 전국 2081가구를 대상으로 조사해 발표한 ‘2009년 1월 소비자동향조사 결과’에 따르면 소비자심리지수(CSI)는 84로 전달보다 3포인트 상승했다.,1
23285,  이는 지난해 8월 이후 처음이다.,1
23290,  한은 관계자는 “정부의 경기활성화 대책 등으로 국내경기의 급하락에 대한 우려가 줄면서 소비자심리가 소폭 개선됐다”고 밝혔다.,1
23291,  현재생활형편 생활형편전망 가계수입전망 소비지출전망 등 주요 지수들 역시 높아졌고 특히 경기전망 지수는 56에서 66으로 10포인트나 상승했다.,1
23292, 소비지출전망을 구성하는 요소 중 교육비 지출 전망도 지난달 100 이하인 98로 떨어졌던 것이 2포인트 상승해 100을 가까스로 회복했다.,1
23293,  자산가치 하락에 대한 우려도 완화됐다.,1
23294, 주식가치전망 지수는 79에서 84로  5포인트 높아졌고 토지·임야는 76에서 80으로 주택·상가는 79에서 82로 각각  상승했다.,1
23396,    한 증시전문가는 대만증시가 휴장하는 동안 미국증시가 크게 폭락장을 연출한 적이 없었고 이 때문에 투자자들이 더 자신감을 갖게 됐다고 설명했다.,1
23560, 민간기업의 일자리 나누기(Job sharing)를 활성화하고 관련해서 세제·재정 지원을 하겠다.,1
23561, 청년인턴제와 잡트레이닝(Job Training)을 강화하는 한편 고용촉진을 위한 노동관련 법·제도를 선진화해 비정규직 사용제한 기간을 완화하고 파견 허용 업종을(현재 32개 업종) 확대해 나가겠다.,1
23847, 다자녀 가구의 세 부담이 낮아진 셈이다.,1
24798,랑스의 1월 가계 소비지출이 전월 대비 1.8% 증가한 것으로 나타났다고 블룸버그통신이 24일(현지시간) 보도했다.,1
24875,전날 급락에 따른 저가매수세가 확산되고 벤 버냉키 연방준비제도이사회(FRB)의장의 증언으로 금융시장 정상화 기대가 살아났다.,1
24901, 일부 소비관련 대형종목의 실적 발표도 투자심리에 도움이 됐다.,1
24924, 고환율에 의한 가격경쟁력을 활용 수출을 촉진하고 이로 인해 경상수지 흑자폭을 늘려 외환시장을 안정화하는 선순환의 구조를 만들겠다는 것.,1
25414, 이례적으로 오바마 대통령이 나서 '지금은 주식을 사야할 때'라고 말한 점도 투자심리에 긍정적인 영향을 미쳤다.,1
25907,  앞서 버락 오바마 미 대통령은 주택담보 대출자들을 구제하기 위해 2750억 달러를 투입하겠다고 밝혔다.,1
25991, 덕분에 올 들어 소비는 심각한 경기침체 국면을 고려할 때 양호한 수준을 보이고 있다.,1
25994, 그동안 큰 폭으로 주가가 밀렸던 씨티그룹 뱅크 오브 아메리카(BOA) JP모건 체이스 등 3개 대형 은행은 올 들어 1∼2월 흑자를 달성했다고 발표하면서 금융불안에 대한 투자자들의 심리를 가라앉히는 역할을 하고 있다.,1
26140,"대신증권은 이날 보고서에서 """"글로벌 금융시장의 불안감이 점차 해소되면서 투자심리가 회복되고 있지만 본격적인 유동성 장세를 기대하기에는 아직 이르다""""고 전했다.",1
26246,  이외 초·중·고교 학습보조 인턴교사 2만5000명 대학 조교 7000명 공공기관 인턴 4000명 등도 신규 채용된다.,1
26247,  숲 가꾸기 아이돌보미 등 사회서비스 일자리는 3만3000개가 추가되고 자활근로 일자리 노인 일자리 등에서도 4만5000개가 생긴다.,1
26545,경기침체의 진원지이자 회복의 열쇠를 쥐고 있는 주택과 소비 부문이 동시에 개선되는 조짐을 보이면서 미국의 경기가 드디어 바닥을 쳤다는 믿음이 점차 확산되고 있다.,1
26553,따라서 내구재 주문 회복은 소비가 회복되기 시작했다는 징후로 해석이 가능하다.,1
26913,지난해 7월 노인장기요양보험제도가 도입된 후 약 10만명의 고용창출 효과가 나타났다고 국민건강보험공단이 지난달 31일 밝혔다.,1
26916, 공단은 또 올해 노인요양서비스 총 수요액 1조5000억원이 재정지출 계획대로 집행되면 2조5000억원의 생산유발 효과와 1조2000억원의 부가가치 유발 효과가 일어날 것으로 내다봤다.,1
26944,지난달 판매량을 전월인 올해 2월과 비교하면 내수가 32.3% 증가했고 수출이 55.8% 감소해 전체적으로는 3.8% 증가했다.,1
26945,쌍용차 관계자는 “전월대비 내수실적이 증가한 것은 액티언스포츠와 액티언이각각 60.6%와 41.2%씩 판매가 늘어난 데 따른 것으로 기업회생 절차를 신청한 지난1월 이후 처음으로 내수 2000대를 넘어선 실적”이라고 말했다.,1
27057,가장 먼저 단장한 부분은 투자심리의 호전.,1
27061, 전날 거래대금 역시 올들어 최고치를 기록했으며 고객 예탁금과 신용융자 잔고도 꾸준히 증가하고 있다는 점은 호전된 투자심리를 잘 보여주는 부분이다.,1
27135, 제조업 생산 내수 수출의 감소 폭도 점차 줄어들고 있어 경기가 바닥에 가까워지고 있다는 분석도 나오고 있다.,1
27141,  광공업의 내수와 수출 감소세도 둔화됐다.,1
27455, 한은의 기준금리 동결과 외평채 30억달러 발행 성공 등도 투자심리를 안정시키는 데 기여했다.,1
27467, 반면 개인들과 기관들은 순매도로 돌변해 차익실현에 나서 눈길을 끌었다.,1
27679, 정부가 소비진작과 경기 활성화 일환으로 부동산 규제를 완화한 데다 저금리 기조가 유지되면서 대출 수요가 살아난 데 따른 것이다.,1
27871, 또 노동부가 발표한 지난주 신규 실업수당 청구건수도 61만건에 달했지만 전월보다 5만건 이상이 감소한데다 시장의 예측치(66만건)도 크게 밑돌았다.,1
27908, 1분기 GDP성장률이 10년 만에 최저를 기록했지만 3월 산업생산과 소비자물가 상승률 등이 전월 대비 개선된 것으로 나타나면서 투자심리를 개선시켰다.,1
28061,이후 두 달이 지난 지금 30대 그룹은 애초 계획보다 신규직원채용이 크게 늘려잡았습니다.,1
28320,  그러나 GDP의 3분의 2를 차지하는 소비지출은 2.2% 증가해 극심한 소비부진이   개선되는 조짐을 나타냈다.,1
28377,"    다치바나 증권의 히라노 겐이치 매니저는 """"여러 경제지표들이 세계 경제가 바닥을 찍고 있음을 암시했다""""며 """"투자자들은 낙관적인 시각으로 현재 상황을 평가하고 있다""""고 분석했다.",1
28378,"    FRB는 지난 새벽 4월 연방공개시장위원회(FOMC) 정례회의에서 금리 동결 결정을내리고 나서 성명을 통해 """"경기 위축 속도가 다소 둔화됐다""""고 평가해 투자심리를  고조시켰다.",1
28413, 중국 최대 이동통신업체 차이나모바일이 대만의 3위 통신업체 파이스톤의 지분 12%를 인수하기로 했다는 소식이 투자심리를 북돋웠다.,1
28430, 미국의 지난주 신규 실업수당 청구건수가 여전히 높은 수준이지만 예상치를 하회한 것으로 나타났다.,1
28431, 미 노동부는 30일(현지시간) 지난주(25일 마감기준) 신규 실업수당 청구건수가 전주 64만5000건(수정치)보다 1만4000건 감소한 63만1000건을 기록했다고 밝혔다.,1
28436, 변동성을 줄여 추세를 살펴보는데 도움이 되는 4주 평균 신규 실업수당 청구건수도 전주 64만8000건에서 63만7250건으로 감소했다.,1
28445,"    한은 통계조사팀 장영재 과장은 """"생산 소비 등의 경기 하락세가 진정되고 환율 하락으로 원가 부담이 완화된 점이 체감경기 상승에 영향을 줬다""""며 """"그동안 경기가 지나치게 위축된 데 대한 기술적 반등과 새로운 분기가 시작한데 따른 기대감 등이 복합적으로 작용한 것 같다""""고 설명했다.",1
28489,국내 공작기계 내수수주 증가율이 2개월 연속 상승한 것으로 나타났다.,1
28490,  한국공작기계공업협회(회장 류흥목)가 조사한 ‘3월 국내공작기계 시장동향’에 따르면 2009년 3월 국내 공작기계 내수수주는 전월대비 19.7% 증가하며 2개월 연속 증가한 것으로 나타났다.,1
28491,  지난해 8월 이후 계속해서 하락세를 보인 내수시장이 2개월연속 상승세를 나타낸 것은 처음이다.,1
28519,중국 소비도 견조한 증가세를 이어가고 있다.,1
28739,"UBS증권은 또 """"경기선행지수가 3개월 연속 상승한 데다 소비 심리 산업생산 등 주요 경제 지표들이 개선되고 있는 점도 (우리의) 논리를 뒷받침하는 근거들""""이라고 설명했다.",1
28959,    이날 상승세는 대부분 숏커버 성격이었으며 아시아증시가 안정적인 모습을 보인것과 중국의 경제지표 호조 엔화 약세도 투자심리를 고취시켰다.,1
29021, 저소득국가군의 1인당 GNI는 574달러로 2006년에 비해 11.0% 증가했다.,1
29040, 통계청에 따르면 월별 소비심리지수가 지난해 여름 이후 최고 수준까지 회복됐고 여행비지출 전망도 지난해 9월 이후 최고 수준까지 급반등했다.,1
29044, 골드먼삭스는 “최근 주가 강세는 시장 상승과 투자심리 개선 원화 절상 등에 따른 것”이라면서 “밸류에이션이 부담스럽고 이익개선 전망이 좋지 않다”고 평가했다.,1
29126, 소비는 소폭 상승한 것으로 나타났다.,1
29667,[한겨레]  경기 회복에 대한 기대감이 커지면서 얼어붙었던 소비 심리에도 봄기운이 돌고 있다.,1
29668, 한국은행이 전국 2160가구를 대상으로 조사해 26일 발표한 5월 소비자 동향 조사 결과를 보면 경제상황에 대한 소비자들의 종합적인 심리를 나타내는 소비자 심리 지수(CSI)는 105로 4월(98)보다 7포인트 높아졌다.,1
29669, 지난 2007년 3분기(108) 이후 최고치로 오름세도 2개월 내리 이어졌다.,1
29670, 특히 기준치(100)를 넘어선 것은 지난해 1분기(102) 이후 약 1년만에 처음이다.,1
29674, 이에 반해 대략 6개월 뒤의 경기상황에 대한 기대치를 보여주는 생활형편 전망과 향후 경기전망은 각각 101과 109로 모두 기준치를 넘어섰다.,1
29908, 우리나라의 소비자 경기 회복 가능성도 OECD 회원국 가운데 2위로 올라섰다.,1
29919,  기업 경기는 물론 우리나라 소비자 경기 회복에 대한 기대치도 OECD 회원국 가운데 선두권에 올라섰다.,1
29920, 이날 OECD가 발표한 올 4월 소비자신뢰지수(CCI)에서 한국은 98.5로 조사대상 27개 회원국 중 2위를 기록했다.,1
30071, 미시건대 소비자심리지수는 예상치를 넘어선데 비해 시카고 구매자관리지수는 예상치를 큰 폭 밑도는 양상.,1
30146," 그는 이어 """"외국인 투자자들에게 15년간 세금 면제 등의 혜택도 주어질 것""""이며 """"초대형 프로젝트를 제외하면 지방 정부가 라이센스를 발급할 수 있도록 하고 있다""""고 덧붙였다.",1
30149,이는 지난해 1분기의 31% 보다 1.4% 포인트가 줄어든 수치입니다.,1
30150,적자가구 비율이 전년동기와 비교해서 줄어든 것은 지난 2007년 4분기 이후에 처음입니다.,1
30151,벌어들인 수입보다 더 많이 지출한 가구가 줄었다는 것으로 수치만 놓고 보면 건전한 소비를 하는 가구가 늘었다는 것을 말합니다.,1
30310," 그는 그러나 """"지난 1분기의 재고감소가 많아서 2분기에는 재고 감소폭이 1분기보다 덜할 것""""이라며 """"총투자율은 2분기가 1분기보다 나아질 것으로 보인다""""고 말했다.",1
30318,미 증시 호조 및 고용지표의 개선 미 달러화 약세 등의 여파로 역외환율이 소폭 하락해 원·달러 환율이 약보합 수준에서 출발할 것이라고 우리선물이 전망했다.,1
30463,"주식시장 관계자는 """"비관론자로 알려진 폴 크루그먼 교수가 오는 9월까지 미국의 경기 침체가 종료될 가능성을 언급했다는 소식으로 투자 심리가 회복되고 있다""""고 말했다.",1
30565,(서울=연합뉴스) 최현석 기자 = 올해 들어 주택담보대출 금리가 하락하면서 서민의 주택구입 부담도 줄어든 것으로 나타났다.,1
30566,     11일 주택금융공사에 따르면 지난 3월 말 현재 주택구입능력지수(K-HAI)는 전국 평균 72.9로 작년 12월 말의 82.3에 비해 9.4포인트 하락했다.,1
30570,    서울은 155.4로 주택구입 부담이 전국에서 가장 높았지만 작년 12월 말의 172.6에서 17.2 포인트 떨어져 하락폭이 가장 컸으며 수도권의 주택구입 부담도 작년 12월 말보다 줄었다.,1
30571, 부산(56.9) 대구(56.7) 대전(54.9) 등 수도권을 제외한 대부분의 지역은 지수가 100을 밑돌면서 주택구입 부담이 대체로 낮은 것으로 분석됐다.,1
30677,미국의 5월 소매판매가 석달 만에 반등했다.,1
30679, 미국 상무부는 11일(현지시간) 5월 소매판매가 전월 대비 0.5% 늘었다고 밝혔다.,1
30682, 자동차 판매 증가와 휘발유 가격 상승이 소매판매의 반등을 견인했다.,1
30683, 자동차와 자동차부품 판매 실적은 0.5% 증가했고 이를 제외한 소매판매도 0.5% 늘어 블룸버그 조사치 0.2%를 웃돌았다.,1
31045,"■세제실장 """"부가가치세 인상 안한다""""소득세.",1
31046,법인세 인하 예정대로 추진    정부는 재정 건전화를 위해 비과세.,1
31047,감면 제도의 대폭 축소를 추진하되 현재로선 부가가치세 인상과 농업 면세유 폐지는 검토하고 있지 않다고 밝혔다.,1
31049,    이어 윤 실장은 소득세와 법인세 인하를 유예할 것이라는 항간의 보도에 대해 예정대로 세율 인하를 추진하겠다고 강조했다.,1
31050,"    그는 """"소득세와 법인세 인하는 법 개정에 따라 시행하게 돼 있다""""면서 """"일부 언론에서 유예할 수 있다는 보도가 나왔는데 정부는 이미 법에 규정된 것처럼 소득세와 법인세에 대한 세율 인하를 추진하겠다""""고 설명했다.",1
31116,    이날 노동부는 지난 6월6일로 끝난 주간까지 일주일 이상 실업보험 혜택을 받은사람들의 수는 14만8천명 줄어든 668만명을 나타내 근 1개월 만에 최저치를  기록했다고 밝혔다.,1
31144, 제너럴모터스(GM)까지 파산보호신청에 돌입하며 고용시장 뿐 아니라 주식시장에도 걱정거리를 안겨줬지만 다행히도 주식시장도 덤덤히 받아들였고 고용시장에서는 오히려 개선된 지표를 내놓고 있다.,1
31145, 연속 실업수당 수급자수는 급격히 줄어 5개월만에 하락세로 돌아섰다는 것이 그 방증이다.,1
31333,    골드만삭스는 지난 4월에도 1분기 순익 19억7천만달러의 절반을 보너스로 배정직원 973명의 보너스가 작년대비 100만달러 이상 증가한 것으로 나타났다.,1
31582,    미국의 5월 개인소득은 정부의 경기부양책과 감세에 힘입어 전월대비 1.4% 급증했다.,1
31646, 중장기적 성장 궤도로의 복귀를 가늠할 수 있는 설비투자의 감소 폭이 크게 둔화되고 소비도 다소 개선됐다.,1
31653,"    박종연 우리투자증권 채권애널리스트는 """"위기 이후 멈추다시피 했던 민간의 경제활동이 정상화되기 시작했다""""며 """"5월 산업활동지표에서는 그동안 부진했던 소비증가율이 플러스로 전환되고 투자증가율의 감소폭이 크게 완화됨에 따라 경기정상화가 빠르게 진행되고 있는 것으로 판단된다""""고 말했다.",1
31677,    하지만 수개월동안 최악의 침체상황을 보여주던 소비와 설비투자 분야는 5월 들어 많이 회복되고 있다.,1
31755,중국의 제조업 체감경기를 나타내는 구매자관리지수(PMI)가 호황과 불황의 경계선인 50을 4개월째 웃돌면서 투자심리를 강하게 자극 지수는 상승탄력을 받은 듯했으나 과도한 상승에 따른 부담으로 결국 하락했다.,1
31761,6월 무역수지 흑자가 두달만에서 사상 최대치를 경신했다는 소식도 투자심리에 긍정적 영향을 끼치고 있다.,1
31979,지난해 말 글로벌 금융위기 이후 급속히 위축됐던 내수소비가 되살아나고 있다.,1
32067,신협이 올 하반기 서민 대출 확대에 나선다.,1
32068,권오만 신협중앙회장은 7일 서울 소공동 롯데호텔에서 기자간담회를 열고 “무점포 무등록 자영업자를 위한 신용대출 저신용 근로자를 위한 신용 보증 대출 재산담보부생계비지원대출을 통해 저신용자와 금융소외 계층에 지원을 늘리겠다”며 이같은 뜻을 밝혔다.,1
32069,권 회장은 “신협의 올해 가장 큰 목표는 서민대출 확대”라면서 “서민지원대출 규모를 연내 5000억원까지 늘리는 등 정부 보증 서민지원대출을 적극 취급할 것”이라고 덧붙였다.,1
32254, 올 하반기 민간소비는 정부의 소비진작 대책과 가계심리 호전 등으로 상반기 -3.0%에서 하반기 0.3%로 전환될 것으로 예측했다.,1
32640, 중요한 것은 미국쪽 수요도 점차적으로 회복세 국면에 접어들 것이라는 기대감이 커지고 있다는 것.,1
32647, 은행 및 증권주 등 금융주도 대손비용 감소 등의 영향을 받아 상승대열에 동참하면서 투자심리 개선에 크게 기여했다.,1
32657,    또 투자와 산업생산 소매판매 주민소득 등의 지표들도 양호하게 발표돼 중국의 경기회복세가 지속되고 있음을 나타냈다.,1
32914, 재정을 과감하게 풀어 투자가 증가한데다 자동차 세제 혜택으로 민간소비가 크게 늘었기 때문이다.,1
32915, 민간소비는 승용차 등 내구재에 대한 소비지출이 크게 늘어 전기 대비 3.3% 증가했다.,1
33089, 어제 한국은행이 발표한 제조업 업황 경기실사지수(BSI)는 5개월 연속 개선되며 1년2개월 만에 최고치를 기록했고 하루 전 발표된 7월 소비자심리지수는 7년 만에 가장 높아졌다.,1
33127, 사회안전망 확충 의료보장제도 확대 공공ㆍ민간 부문 연금 강화 저소득층에 대한 최저 지원금 상향 조정 등의 정책은 중국의 개인소비를 끌어올리기 위해 유효한 정책 수단이라는 것에도 동의했다.,1
33178, 개인 용도의 대출금은 8170만원으로 지난해 3월의 8370만원에 비해 2.4% 줄었으나 같은 기간 사업자금용 대출금은 8470만원에서 9940만원으로 17.4%나 늘어났다.,1
33229,또 실업수당을 2주 이상 받는 실업자수도 625만명에서 620만명으로 예상외 감소세를 기록하며 4월 중순 이후 최저수준으로 낮아졌다.,1
33241,(서울=연합인포맥스) 임승규 기자= 서울채권시장 참가자들은 31일 6월 산업생산과 소비 투자가 모두 예상치를 뛰어넘는 수준으로 발표된 데 대해 '숏마인드'가 단기적으로 늘어날 수 있을 것으로 분석했다.,1
33245,"    양진모 SK증권 채권애널리스트는 """"글로벌 금융위기가 일단락되고 국내외 소비 투자주체들의 심리지수가 개선되면서 GDP레벨 자체가 과거의 추세선으로 돌아가는 흐름이 나타나고 있다""""며 """"과거로 돌아가고자 하는 경제의 복원력이 그만큼 강하다는 의미""""라고 설명했다.",1
33348, 지난 6월 주택판매 실적이 11% 증가하고 신규 실업수당 신청이 1.5% 줄었다는 사회자의 지적에 가이트너는 “민간 경제학자들 사이에서 올하반기에 미국 경제가 플러스 성장할 것이라는 공감대가 광범위하게 형성되고 있다”고 밝혔습니다.,1
33555, 특히 정부는 2분기 실물지표는 예상보다 빠르게 개선되고는 있지만 자동차 세제지원 재정 조기집행 등 일시적 요인과 소비 및 투자심리 회복 등에 힘입었기때문에 안심할 단계가 아니라고 강조했다.,1
33629,국의 실업률이 상승할 것이란 전망을 깨고 6월 9.5%에서 7월 9.4%로 0.1%포인트 하락했다고 미 노동부가 7일(현지시간) 발표했다.,1
33635,"KDI """"내수 부진이 비교적 빠르게 완화되는 모습"""" 분석 한국개발연구원(KDI)은 올 하반기 경기 회복 속도가 둔화될 가능성이 높다고 전망했다.",1
33637,"KDI는 또 현재의 우리 경제 전반에 대해서는 """"교역조건 개선 물가 안정 등 경제여건이 호전되면서 내수 부진이 비교적 빠르게 완화되는 모습""""이라고 분석했다.",1
33640,"한국개발연구원(KDI)은 9일 최근 우리나라의 경제상황에 대해 """"내수와 수출이 빠르게 개선되면서 국제금융위기로 인한 극심한 침체국면에서 벗어나고 있는 것으로 판단된다""""고 밝혔다.",1
33643,"이어 KDI는 """"중국을 비롯한 주요 교역대상국의 경기가 개선되면서 수출 감소세가 점차 완화되고 있고 이에 따라 산업생산도 개선 추세를 지속하고 있다""""면서 """"정보기술(IT) 부문을 중심으로 대(對)중국 수출 감소세가 빠르게 개선되고 기업들의 재고 조정도 거의 마무리되면서 대내외 수요 증가가 생산 증가로 이어지고 있는 것으로 보인다""""고 분석했다.",1
33646,"이에 대해 KDI는 """"최근의 민간소비 증가는 승용차 세제효과 등 일시적 요인이 크게 기여한 측면이 있다""""면서도 """"전반적으론 소비가 개선되는 모습을 유지하고 있다""""고 설명했다.",1
33686, 이에 따라 지금까지 전환대출 신청자의 이자부담도 5년간 1천70억 원(월간 18억 원) 정도 줄어들게 된다.,1
33716,[한겨레] 경기선행지수 100넘어…IMF도 올 성장률 상향조정소비심리 살아났지만 기업투자·고용시장 불안 여전 국내 자산시장이 활기를 띠고 소비심리가 풀리면서 경기회복을 전망하는 목소리에 갈수록 힘이 실리고 있다.,1
33724, 국제통화기금은 “수출 산업생산 서비스업 활동 등의 각종 지표가 크게 호전됐고 기업 및 소비자 지수도 확장 영역으로 진입했다”며 조정 배경을 설명했다.,1
33728, 체감경기를 가늠해볼 수 있는 소매판매액은 지난해 2분기를 정점으로 3분기 내리 하락세를 이어왔던 터라 경기회복 기대감이 커지면서 소비심리가 빠르게 살아나고 있음을 보여준다.,1
33805, 6월 기계주문 상승과 경상수지 흑자 등 경제지표가 호조를 이루면서 투자자들의 투자심리를 이끌어냈다.,1
33806, 지난주 미국의 실업률이 개선양상을 보인 것 역시 호재로 작용했다.,1
33815, 소시에테 제네랄 자산운용사의 요시노 아키오 수석이코노미스트는 “미국이 세계 소비시장의 엔진인 만큼 미국 노동 시장이 개선됐다는 소식은 투자자들에게 긍정적인 신호로 작용한다”고 밝혔다.,1
33947,"김명실 현대선물 연구원은 """"경기 후행지표인 고용지표의 호조가 美금리의 조기인상 기대감을 부추겨 예상외로 달러화가 강세를 보일 수 있다는 사례가 나왔다""""고 말했다.",1
34012,    이에 따라 중국 증권가에서는 투자심리가 호조세를 보이는 가운데 상반기 급증한 신규대출과 은행예금의 증시이전에 힘입어 하반기에도 증시가 강세를 지속할 가능성이 있다고 기대했다.,1
34295, 45개 산업단지의 입주업체 숫자는 전달보다 1% 늘어난 3만6530개사였고 입주근로자 숫자도 전달보다 0.1% 지난해 6월보다 2.7% 증가한 77만9062명으로 나타났다.,1
34301,   산단공 관계자는 “전 세계적인 경기부양 정책으로 소비심리가 회복되면서 생산 수출 가동률이 전달보다 크게 늘어나 글로벌 금융위기 이전 단계까지 거의 회복한 것으로 보인다”고 밝혔다.,1
34401,  반면 발전 부문을 제외한 대부분의 석유제품 소비는 증가했다.,1
34464, 지난 밤 사이 미국 증시가 지표 호조에 6일째 상승 마감 투자 심리가 탄력을 받고 있는 모습이다.,1
34602, 기준선인 100을 넘지는 못했지만 상승폭으로는 모든 소득계층 중 최고였다.,1
34607,향후 소비와 가계수입 전망에 대해서는 40대에서 이상 60세 이하의 중산층이 가장 긍정적 태도를 보였다.,1
34610,이에 따라 이들 연령대와 소득층의 소비심리가 크게 호전됐다.,1
34611,의류비 지출과 외식비 국내ㆍ외여행 교양ㆍ오락 및 문화생활비지출에서 40대 이상의 200만원 이상 소득층의 CSI 개선폭이 상위권에 올랐다.,1
34807,하반기에는 정부의 재정지출 감소가 불가피하지만 금융시장과 심리지표의 빠른 개선에 힘입어 민간의 경제활동이 살아나면서 경기회복세가 지속될 전망이다.,1
34968, 기술주들의 실적이 견조할 것이라는 전망에 투자심리가 살아났다.,1
35080,지출별로 보면 민간소비는 승용차 등 내구재 소비지출이 크게 늘어난 데다 서비스 소비지출 증가세도 확대돼 전기대비 3.6% 증가했다.,1
35082, 이에 따라 내수는 민간소비지출과 설비투자 증가에 힘입어 전기대비 3.4% 증가했다.,1
35085,한편 2.4분기 총저축률은 명목 국민총처분가능소득이 민간 및 정부의 명목 최종소비지출보다 더 늘어나 전분기 29.3%에서 29.4%로 소폭 상승했다.,1
35112,<그래픽> 분기별 GDPㆍGNI 추이    (서울=연합뉴스) 장성구 기자 = 2분기 실질 국민 총소득(GNI)이 1년 만에 큰 폭 증가세로 돌아서면서 21년여만에 최고치를 기록했다.,1
35114,    sunggu@yna.co.kr전기比 5.6% 증가…21년3개월만에 최고2분기 성장률 2.6%…5년6개월만에 최고    (서울=연합뉴스) 최현석 기자 = 2분기 실질 국민 총소득(GNI)이 1년 만에 큰 폭 증가세로 돌아서면서 21년여만에 최고치를 기록했다.,1
35116,     한국은행이 3일 발표한 `2분기 국민소득(잠정)'에 따르면 2분기 실질 GNI는 전기대비 5.6% 증가해 작년 2분기 이후 1년 만에 증가했다.,1
35117,    이는 1988년 1분기의 6.2% 이후 21년 3개월 만에 최고치로 생산활동을 통해 발생하는 소득의 실질 구매력이 급속히 증가했다는 의미다.,1
35119,     실질 소득이 큰 폭 증가한 것은 전분기보다 교역조건이 개선되면서 실질 무역손실이 4조9천억원 축소된 데다 해외 근로소득.,1
35127,    지출항목별로는 민간소비는 승용차 등 내구재 소비지출이 크게 늘어난 데다 서비스 소비지출의 증가세도 확대돼 전기대비 3.6% 증가했다.,1
35129,"    한은 관계자는 """"실질 GNI 증가율이 높은 것은 수출가격보다 수입가격 하락률이 높았기 때문""""이라면서 """"해외 배당.",1
35130,"이자수입 등으로 국외순수수취요소소득이 증가한 것도 GNI 증가율에 기여했다""""고 말했다.",1
35486, 또한 11일 발표된 소비자신뢰지수 역시 호전돼 낙관론에 힘을 보태고 있다.,1
35490,여기에 지난 11일 발표된 로이터/미시간대 9월 소비자신뢰지수는 70.2로 8월의 65.7과 전문가들의 예상치 67.5를 모두 큰 폭으로 웃돌았다.,1
35512,   또 정부의 감세정책이 본격적으로 시행됨에 따라 전반적으로 조세부담이 줄어들었지만 상대적으로 고소득층이 더 큰 혜택을 본 것으로 분석됐다.,1
35527,올해 상반기 금융위기 등에 따른 구조조정 등의 영향으로 상장사들의 퇴직금 지급이 크게 늘어난 것으로 나타났습니다.,1
35720,    우선 소비심리지표가 5개월 연속 상승하면서 사상 최고치에 육박했다.,1
35722,     이런 소비심리의 개선은 실제 소비로 이어졌다.,1
35899, 블룸버그통신은 중국 국가개혁발전위원회(NDRC) 산하 연구소의 첸동치 부소장의 말을 인용 “중국 정부의 경기부양책의 효과와 더불어 수출 및 내수 회복에 힘입어 올 4·4분기 중국 경제가 10% 이상의 성장률을 기록할 것”이라고 전망했다.,1
36232, 글로벌 경기 회복세에 투자 심리가 되살아나면서 고수익을 올릴 수 있는 구조화 금융상품시장으로 자금이 몰리고 있는 것.,1
36237,FT는 향후 경기에 대한 장밋빛 전망이 줄을 잇고 있는데다 제로에 가까운 기준금리 등을 고려해 높은 수익을 올리려는 투자자들이 구조화 금융상품에 대한 투자를 확대하고 있다고 분석했다.,1
36259,외국인FDI는 32% 급증올 들어 한국에 대한 외국인 투자는 급증한 반면 우리 기업의 해외 투자는 지난해의 절반에도 못 미쳤다.,1
36514,    미 상무부는 8월 소비지출이 전달보다 1.3% 늘면서 2001년 10월 이후 가장 큰 폭으로 증가했다고 발표했다.,1
36668,미 주택구매계약이 2년 반만에 최대를 기록하고 소비지출 역시 늘었다는 소식은 악재에 파묻혔다.,1
37076, 또 미국 증시의 연중 최고치 경신 소식도 투자심리를 자극했다.,1
37209,미국의 주간 신규 실업수당 청구 건수가 10개월래 최저치 기록을 또다시 경신했으며 실업수당 수령자를 기준으로 봤을 때 미국의 전체 실업자 수가 5개월여 만에 처음으로 600만명선 아래로 떨어진 것으로 집계됐다.,1
37563, 1만선을 회복했다는 것 자체도 투자심리를 개선시켜줄 수 있지만 장 마감 후 실적을 발표한 애플과 텍사스 인스트루먼츠가 나란히 3분기 어닝 서프라이즈를 기록했다는 점은 더욱 긍정적이다.,1
37586," = """"세무사업계 일자리 창출 앞장섰다"""" 한국세무사회는 20일 """"개업 중인 회원사무소를 대상으로 신규직원 채용실태 조사를 벌인 결과 올해 들어 지난 7월말까지 세무사회 소속 3440개 사무소가 총 4150명의 신규인력을 채용했다""""고 밝혔다.",1
37603, 이들 업체의 실적 호전에 힘입어 건설주 전반의 투자심리가 개선되면서 주요 건설주들이 강세를 보였다.,1
37804,"""""생산측면에서는 제조업이 높은 성장세를 지속한 가운데 서비스업이 꾸준히 증가했고 지출 측면에서도 민간소비와 설비투자가 지속적으로 늘어났다는 분석입니다.",1
37807,CG3)    <경제활동별 GDP>      (전기대비)   (단위:%)         구분  /  성장률        제조업     8.7       서비스업    0.6        건설업    -0.5건설업을 제외한 대부분의 산업 생산이 증가했고 수출과 소비도 성장세를 지속했습니다.,1
37808,또 교역조건 변화를 반영한 실질 국내총소득 GDI도 전기 대비 0.4% 전년 동기 대비 3.6% 증가했습니다.,1
37820,CG3)    <경제활동별 GDP>      (전기대비)   (단위:%)         구분  /  성장률        제조업     8.7       서비스업    0.6        건설업    -0.5건설업을 제외한 대부분의 산업 생산이 증가했고 수출과 소비도 성장세를 지속했습니다.,1
37821,또 교역조건 변화를 반영한 실질 국내총소득 GDI도 전기 대비 0.4% 전년 동기 대비 3.6% 증가했습니다.,1
37833,    재고투자의 감소폭이 급격하게 줄어든 데다 수출과 소비가 증가세를 지속했으며 건설업을 제외한 대부분의 산업 생산도 증가했다.,1
37858, 경제 회복과 함께 고용사정도 개선되면서 취업자 수 감소 규모 또한 기존 전망보다 5만명 줄어든 10만명 이하가 될 것으로 관측됐다.,1
37870, 재정부 고위 관계자는 “올해 취업자 감소 폭을 10만∼15만명으로 잡았는데 경제상황이 예상보다 좋아지면서 10만명 이하로 내려갈 것으로 보인다”고 낙관했다.,1
38002, 3분기 성장은 미 정부의 경기부양책과 소비 확대가 주도했다.,1
38003, 소비지출은 전분기 -0.9%에서 3.4%로 늘었다.,1
38004, 3분기 내구재 소비 증가는 전분기 대비 22%에 달해 2001년 이래 최대폭으로 늘었다.,1
38020,대기업들은 금융 시장이 안정되고 소비와 투자 수출 등 실물부문의 회복이 가시화되고 있어 다음 달 경기를 긍정적으로 판단한 것으로 보인다.,1
38175, 금융위기 해소 과정에서 떠오른 재정건전성 악화가 우려 되는 상황에서 대형 국책사업이 일시적으로 고용창출 및 민간소비 지출을 늘릴 수는 있으나 위기 극복의 원동력이 될 수는 없다는 지적이었다.,1
38218, 세계적인 투자가인 워런 버핏이 대규모 투자에 나선다는 소식이 얼어붙은 투자심리를 녹였습니다.,1
38266, 소비자 신뢰지수가 금융 위기가 시작됐던 2년 전보다 크게 높아졌고 실업률 역시 감소세를 보이는 등 경제지표가 여전히 긍정적이라는 게 그 이유다.,1
38329, 주택구입자에 대한 세제지원 연장 실업수당 청구건수와 노동생산성지표의 개선 등 호재가 많았다.,1
38465,이를 계기로 출구전략에 따른 불확실성이 깔끔하게 해소되며 주식 투자 심리가 급속히 개선된 것으로 볼 수 있습니다.,1
38490, 우리투자증권은 4분기 소비심리가 2002년 이후 최고치에 도달했고 소매경기 또한 3분기를 저점으로 빠른 회복이 예상돼 내수주에 관심을 가질 것을 권했다.,1
38493," 박 연구원은 """"제조업종 대비 상대적 이익모멘텀이 4분기를 저점으로 개선될 것""""이라면서 """"또 양호한 거시 경제지표의 개선과 소비심리의 안정화 작년말 대비 주식과 부동산이 회복되고 있어 소비도 회복될 것""""이라고 예상했다.",1
38494,"이어 """"내년 소매시장 성장률은 6.5%로 올해 4.9%보다 높아질 것""""이라면서 """"소비심리 안정화를 바탕으로 최근 자산 효과에 근거한 고소득층의 소비 증가는 설비투자 증가와 고용여건 개선에 따른 근로소득 증가로 중산층 이후 계층의 소비 증가로 확산될 것""""이라고 말했다.",1
38580,- 10월 취업자수 1만명 늘어.,1
38589, 다만 `자유낙하`를 경험했던 작년 4분기의 `기저효과`로 인해 11월과 12월 고용은 최근의 플러스 증가세를 이어갈 전망이다.,1
38591,◇ 10월 취업자수 1만명 늘어.,1
38593,석달째 증가세10월 취업자수가 지난해 같은 기간에 비해 1만명 늘어나며 석달 연속 증가세를 보였고 실업률은 3.2%로 11개월래 최저로 하락했다.,1
38594, 11일 통계청이 발표한 `10월 고용동향`에 따르면 10월 취업자수는 2385만6000명으로 전년동월대비 1만명 늘었다.,1
38595, 취업자수는 지난 8월에 전년동월대비 3000명 증가했고 9월엔 7만1000명이나 늘어나며 10개월래 최고를 기록한 바 있다.,1
38597, 석달 연속 취업자수가 늘어난 것은 공공행정 보건 사회복지 분야에서 일자리 증가세가 이어졌고 제조업 감소폭도 다소 줄어든데 힘입은 것으로 풀이된다.,1
38602, 청년실업률은 7.5%로 지난달 7%대에 진입한 이후 0.1%포인트 추가 하락했고 실업률은 3.2%로 넉달째 전월대비 감소하며 2008년 11월(3.1%)이후 최저를 기록했다.,1
38604, 실업자는 지난 6월 96만명을 정점으로 4개월 연속 줄어들고 있다.,1
38615, 그러나 취업자수는 적어도 연말까지 플러스 추세를 지속할 가능성이 높다.,1
38711,지난달 취업자 수가 3개월째 증가하고 실업률도 전달에 비해 하락하는 등 고용사정이 전반적으로 개선되고 있는 것으로 나타났다.,1
38712, 통계청이 11일 발표한 ‘10월 고용동향’에 따르면 지난달 취업자 수는 2385만6000명으로 전년 동월 대비 1만명 증가했다.,1
38713, 이에 따라 전년 동월 대비 취업자 수는 지난 8월 3000명이 증가한데 이어 9월 7만1000명 10월 1만명으로 3개월째 증가세가 이어졌다.,1
38714, 취업자 수가 이처럼 늘어난 것은 정부의 공공근로 확대에 따른 영향이 컸던 것으로 풀이된다.,1
38718, 실업률은 3.2%로 전년 동월 대비 0.2%포인트 상승했으나 전달의 3.4%에 비해선 0.2%포인트 하락했다.,1
38719, 고용률은 59.3%로 전년 동월 대비 0.7%포인트 하락했으나 전달의 59.2%보다는 개선됐다.,1
38963, 원화값 상승에도 불구하고 미국과 중국 경제 회복으로 수출이 호조를 보였고 내수 소비도 점진적인 회복세를 타고 있기  때문이다.,1
39292,김종섭 코트라 중국지역본부장은 “내년 중국경제는 전면적인 회복단계에 진입할 것”이라며 “중국정부가 구매보조금정책의 연장을 고려하는 등 내수회복을 위한 조치가 이어지면서 소비심리도 크게 회복될 것”이라고 말했다.,1
39344,다만 개장후 발표된 컨퍼런스보드의 11월 소비자신뢰지수가 개선세를 보이며 3분기 소비지출 관련 부담감을 다소 덜어줬다.,1
39359, 비수도권 가계대출은 대구 및 강원지역을 중심으로 증가폭이 둔화됐다.,1
39432,유통산업은 소비 개선 추세가 이어지고 있기 때문에 비교적 긍정적이다.,1
39648,    유로존 소비자물가 상승률이 지난 6월부터 5개월 간 계속돼 온 '마이너스 행진'을 끝내고 6개월 만에 '플러스'를 기록함으로써 디플레이션 우려가 상당 부분 해소됐다.,1
39650,    3분기 국내총생산(GDP) 증가와 함께 소비자물가도 플러스로 반전함에 따라 유럽 경제 회복론이 더욱 탄력을 받게 됐다.,1
39777, 아울러 현재 경기를 보여주는 경기동행지수 순환변동치는 제조업가동률지수 등이 감소했지만 수입액이나 내수출하지수 등이 증가하면서 전월과 동일한 96.9를 기록했고 향후 경기국면을 예고해 주는 선행지수 전년 동월비는 건설수주액 종합주가지수 소비자기대지수 등의 증가로 전월에 비해 1.1%포인트 상승하면서 10개월 연속 오름세를 이어갔다.,1
39859, 전날(30일) 국내증시는 지난주 불거진 두바이발 악재를 딛고 사흘만에 반등하면서 투자자들에게 안도감을 제공했다.,1
39876, 일단 120일 이동평균선(1562) 회복과 지지력 형성에 초점을 맞추되 연말 소비에 대한 관심이 커지고 있으므로 단기적으로 내수소비주가 좋아보인다.,1
39888," 중국의 경우 """"경제회복과 소비진작에 따른 시장진출 수립 전략이 필요하다""""고 지적했다.",1
39984,    기업투자도 다른 나라는 작년에 비해 두자릿수의 하락률을 보였으나 호주는 작년과 비슷하며 실업률은 하락하는 반면 물가는 목표치에 근접하고 있다.,1
40202, 월소득 100만원 미만인 가구의 비중은 2003년 13.7%에서 2008년 9.8%로 줄어든 반면 600만원 이상 가구는 2003년 4.47%에서 2008년 10.7%로 훨씬 크게 늘었다.,1
40256,  지출항목별로는 민간소비가 세금감면 혜택 등에 따른 '신차효과'가 지속되면서 전기 대비 1.5% 늘어났고 설비투자 또한 10.4% 증가한 것으로 나타났다.,1
40267,11월 30조… 작년보다 18% ↑금융위기 이전 수준으로 회복카드 소비 증가세가 금융위기 이전 수준을 회복하고 있는 것으로 나타났다.,1
40272, 이는 민간소비 심리가 점차 살아나고 있음을 보여준 것으로 해석된다.,1
40273,여신협회 관계자는 &ldquo;경기 회복에 따른 민간소비 증가와 소비자물가 상승에 따른 명목사용액 증가가 카드 승인실적 급증에 기여했다&rdquo;며 &ldquo;세제지원 및 신차 효과에 따른 자동차 판매 증가 등도 금융위기 이전 수준의 증가율 회복에 기여했다&rdquo;고 밝혔다.,1
40290,일본이 기업 자금 조달의 숨통을 터주기 위해 회사채에 투자하는 해외투자자들에게 세금 공제의 혜택을 주기로 결정했다.,1
40291, 7일 니혼게이자이신문은 일본이 2010년 회계연도부터 3년간 한시적으로 해외투자자들에게 회사채 이자소득에 대한 과세를 하지 않기로 결정했다고 전했다.,1
40295, 이미 미국과 영국 프랑스 등 일부 국가들은 기업의 자금을 활성화하기 위해 해외투자자들의 회사채 이자 소득세에 대해 면제 혜택을 주고 있는 상황.,1
40319,"   메리츠증권 심재엽 투자전략 팀장은 """"11월 국내 신용카드 사용액이 29조6000억원으로 전년 대비 18.3% 급증했다""""면서 """"이는 국내 소비 시장의 회복세를 의미하는 것으로 주가에 긍정적""""이라고 말했다.",1
40337, 지난 주말 미국 뉴욕증시가 고용지표 호전 덕에 상승 마감해 이날 장 초반 코스피지수 상승을 예고했다.,1
40745, ▲ 주간 옥수수 가격 변동추이(출처 : NYT)달러 약세로 농산물 투자수요가 급증했다.,1
40958, 특히 두 자릿수 성장세를 시현하며 타 소비재 산업을 견인할 것이라는 전망이 나왔다.,1
40960,  근거로는 ▲경기회복에 대한 기대감 ▲백화점 로드숍 마트 등 기업형 유통의 강세 ▲민간소비 증대 등을 들었다.,1
41069,(뉴욕=연합인포맥스) 김홍규 특파원 = 지난 12월9일로 끝난 주간의 미국 실업보험청구자수가 예상치를 상회하는 감소세를 보여 노동시장이 완만하게 치유되고 있음을 확인했다.,1
41070,    24일 미 노동부는 지난주 실업보험청구자수가 이전주 수정치인 48만명보다 2만8천명 줄어든 45만2천명을 보였다고 발표했다.,1
41072,    변동성이 적은 4주 이동평균 실업보험청구자수는 2천750명 감소한 46만5천250명을 기록해 16주 연속 낮아졌다.,1
41105, 그러나 이날 발표된 미국의 주간실업수당 청구건수와 11월 내구재주문이 양호한 수치를 내보임에 따라  달러 인덱스는 하락폭을 줄이고 약보합세를 나타내고 있다.,1
41106, 노동부가 발표한 지난주(19일 마감기준) 신규 실업수당 청구건수가 전주 48만건에 비해 2만8000건이 감소한 45만2000건을 기록했다.,1
41194,  또 응답자의 94.4%인 17명이 내년도 우리 경제가 호전될 것으로 내다봤다.,1
41195, 이처럼 국내 경제가 위기상황에서 조금씩 벗어나 완만한 회복세를 보이고 있다는 견해가 대다수를 차지했으며 내년도 우리 경제의 성장률 최대 최소 값 1개씩을 각각 제외한 나머지를 총합해서 평균치를 산출한 결과 내년 경제 성장률은 4.4%로 전망됐다.,1
41299,"    또 광주시와 경제단체 시민단체 등으로 구성된 '광주경제살리기운동본부'도 성명을 내고 """"금호가 계열사를 통해 1만3천여명의 지역 인재를 고용하고 연간 3조8천억원의 매출을 올려 지방세로만 5천890억원을 내는 등 지역경제에 대한 공헌이 크다""""며 금호 회생을 위한 노력을 당부했다.",1
41941," 김소연 IBK투자증권 연구원은 """"수요가 억눌렸던 기간이 어느 때 보다 길었던 만큼 대기 수요도 많아 수요 증가 속도가 경기 성장보다 빠를 것""""이라고 내다봤다.",1
41955, 1년 이상 억눌렸던 해외여행 수요가 살아나면서 2010년 내국인 출국자수는 큰 폭으로 증가할 전망이다.,1
41966, 지난해에도 민간 소비지출에서 카드 결제 비중이 꾸준히 증가한 데다 하반기부턴 금융위기 여파로 위축됐던 소비심리까지 되살아나면서 금융위기 이전 수준의 증가세를 유지한 결과다.,1
42015,지난해 중국 정부는 수출이 감소하자 국내 소비를 늘려 경기를 부양할 목적으로 각종 세제혜택과 보조금 지급 정책을 펼쳤다.,1
42025, 중소기업에 대한 규제 완화는 더 많은 일자리를 창출하고 가계의 소득을 늘릴 수 있다.,1
42034,작년 12월 소비재 판매의 경우 소비자 심리 호조 및 전년도 기저효과 등에 의해 전월 대비 증가세로 전환되고 전년 동월 대비로도 증가세를 지속할 것으로 예상됐다.,1
42035,작년 12월 설비 투자는 투자심리 회복과 선행지표인 국내 기계수주 및 설비투자 조정 압력 등에 따라 증가 흐름을 이어갈 것으로 예상됐다.,1
42242," 줄리아나 리 도이치은행 선임 이코노미스트는 """"2010년 한국 경제는 지속적인 회복세를 유지할 것""""이라며 """"생산과 고용부문의 회복에 힘입은 수출 증가와 재고 확충은 내수를 뒷받침하는 성장 동력이 될 것""""으로 기대했다.",1
42246, 민간소비는 저금리 및 인플레이션 완화 조치와 더불어 자동차 판매를 촉진시키기 위한 세금 감면 혜택에 힘입어 크게 회복된 것으로 나타났다며 개선된 노동시장 상황과 이에 따른 소득 상승으로 인해 민간소비가 작년 0.3%에서 2010년 3.0%로 성장할 것으로 예상했다.,1
42326,미국의 소비가 지금 회복되는 것은 주택시장 회복에 따른 것인데 세금 감면조치 생애 첫 주택 감세 등 경기부양책 덕분이다.,1
42903, 한은은 그러나 향후 소비에 대해서는 긍정적으로 전망했다.,1
42904, 김명기 경제통계국장은 “내구재 부문에 대한 소비가 계속 늘어나고 있다.,1
42905, 이는 경기가 계속 좋아질 것으로 보는 사람이 많다는 의미로 소비가 꺾였다고 판단하기는 어렵다”고 말했다.,1
42921,소비자들의 경제상황에 대한 심리를 나타내는 소비자 심리지수(CSI)가 3개월 연속 113(기준치 100)을 기록하면서 경제에 대해 비교적 낙관적으로 전망하는 것으로 조사됐다.,1
42982, 제조업의 경우 리먼브러더스 사태가 터지고 난 뒤 5분기 만인 작년 4분기 취업자 수가 소폭이나마 늘었다.,1
43030, 지난 밤 미 증시가 하락세로 거래를 마감했지만 소비자 신뢰지수가 16개월래 최고치를 기록하고 대부분의 기업들이 예상치를 뛰어넘는 실적을 내놓는 등 호재가 많았기 때문이다.,1
43086, 1월 미국 소비자 기대지수가 지난 2008년 9월 이래 최고수준으로 오른 것으로 나타났다.,1
43087, 고용시장이 개선되면서 미국인들의 경제 자신감이 커지고 있다는 분석이다.,1
43090,1월 현재 상황지수는 25로 지난해 8월 이래 최대치를 나타내고 있다.,1
43092, 이같은 발전은 최근 나타나고 있는 기업 여건 및 고용 시장 개선을 반영한 것으로 보인다.,1
43093,항목별로 살펴보면 일자리가 풍부한 수준이라고 답한 응답한 비중은 3.1%에서 4.3%로 상승 지난해 8월 이래 최고치를 기록했다.,1
43094, 구직이 힘들어질 것이란 응답률도 48.1%에서 47.4%로 감소한 것으로 집계됐다.,1
43137,"    센텐스 위원은 또 """"노동시장의 각종 지표와 소비지출 등의 경기지표들도 영국 경제가 조기에 회복되고 있다는 사실을 증명해 준다""""며 """"영국의 성장은 시장 예상보다더 강할 것""""이라고 말했다.",1
43391,  2008년 9월 본격화된 글로벌 경기침체가 이어졌음에도 명목 GDP가 이처럼 늘어난 것은 정부의 재정확대정책 등으로 지난해 하반기 소비·투자가 살아난 데 따른 것으로 분석된다.,1
43549, 금융위기 이후 정부의 막대한 경기부양책으로 국내 소비가 살아난 것이 경제성장을 이끈 원동력이었다.,1
43602,[내일신문]취업장려금 최대 180만원 … 청년취업인턴 3만명으로 확대2010고용회복 프로젝트 추진방안 … 2월 국회에 개정안 제출공공기관의 시간제 근무가 가능해지고 취업장려금이 최대 180만원까지 지원된다.,1
43603, 청년인턴채용규모가 3만명으로 늘어난다.,1
43614, 기존 중소기업 청년취업인턴 사업도 2만5000명에서 3만명으로 확대된다.,1
43626, 제조업과 지식기반 서비스업종의 중소 벤처기업이 이공계 석사 박사를 채용하면 당초 6개월간 월 120만원 이후 6개월간 월 60만원의 임금을 지원받았으나 앞으로는 각각 150만원 90만원으로 늘어난다.,1
43627, 지역공동체 일자리가 3만개 조성된다.,1
43651," 메리츠증권은 이날 오전 공개된 보고서에서 """"프로그램 매물이 출회되고 있지만 전반적인 수급상황과 투자심리가 개선되고 있다""""며 """"긍정적인 주가흐름에 무게를 두는 것이 좋다""""고 밝혔다.",1
43675,    또 이탈리아 은행(BoI)에 따르면 2008년말 현재 이탈리아의 가계 부채는 57%로 유로존 평균인 93%보다 훨씬 낮았다.,1
43870,한국은행이 10일 발표한 '1월 중 금융시장 동향'에 따르면 은행권 가계대출은 1월 말 현재 407조6000억원으로 전월보다 1조289억원 감소했다.,1
43872,가계대출이 줄어든 것은 주택거래 비수기 및 입주물량 감소 등의 영향으로 주택담보대출 증가규모가 전월보다 축소됐기 때문이다.,1
44152, 지난 2월6일로 끝난 주간의 미국 실업보험청구자수가 44만명을 기록해 브리핑닷컴이 예측한 46만5천명을 밑돌았다.,1
44153,"    그린우드 캐피털 어소시에이츠의 월터 토드 애널리스트는 """"주간 신규실업자수가호조를 나타냈다""""면서 """"그러나 고용시장이 지속적인 경제 회복의 핵심 요건인  만큼고용시장을 계속 주시할 필요가 있다""""고 말했다.",1
44175,     전문가들은 이런 성장률은 정부의 폐차 보조금 정책의 종료를 앞두고 주문이 크게 늘어 자동차 생산이 활기를 띤데다 소비 지출이 증가한 데 따른 것으로 분석했다.,1
44245, 유로 지역 국가들이 필요할 경우 단호하게 행동에 나설 것이라고 약속한 점이 부각되면서 투자자들의 우려를 덜어낸 덕분이다.,1
44682, 한편 전일(22일) 국내 증시는 독일이 최대 50억 유로를 지원하는 등 그리스에 제공될 유로존 국가의 지원금액이 최대 250억 유로에 달할 것이라는 소식에 투자심리는 빠르게 안정을 찾는 모습이었다.,1
44713," 또 """"일본은 독자적으로 통화정책을 시행하고 경상흑자를 기록 중이며 가계저축도 15조달러에 달하는 등 그리스와는 다른 상황이지만 일본이 현재 직면한 국가부채 문제는 간단히 풀 수 있는 사안이 아니다""""고 덧붙였다.",1
44967,지난해 4분기 월평균 임금 271만1000원지난해 4분기 명목임금이 1년 만에 증가세로 돌아선 것으로 확인됐다.,1
44968, 경제위기 이후 처음으로 플러스 증가가 확인된 것이다.,1
44971, 2008년 4분기에 비교해 1.9% 증가한 것이다.,1
44972,산업별로 보면 오락 문화 및 운동서비스업이 같은 기간 10.8%가 올라 가장 높은 상승률을 기록했고 사업서비스업이 4.0% 제조업이 3.6%의 순으로 나타났다.,1
44974,사업체 규모별로는 100~299인 사업장의 월평균 임금총액이 2008년 4분기에 비해 5.3% 증가(267만6000원)해 가장 많이 올랐고 300인 이상 사업장이 4.5% 올라 318만1000원을 30~99인 사업장이 4.4% 오른 259만3000원을 기록했다.,1
44982,특히 지난해 4분기의 임금 상승은 특별급여와 초과급여의 증가에 힘입은 것이다.,1
44984, 노동부는 지난해 4분기 특별급여과 초과급여가 전년 동기보다 각각 10% 9.2% 증가했다고 밝혔다.,1
45203, FRB는 첨단장비와 자동차，금속산업 등 제조업 활동이 개선되고 있는 데다 소비지출도 늘고 있다고 평가했다.,1
45248, 미 노동부는 지난 주(2월22일~27일) 실업수당 신청자를 기준으로 한 주간 신규실업자 수가 46만9000명으로 한 주 전에 비해 2만9000명 감소했다고 발표했다.,1
45479,또 1월중 소비관련지표들은 민간소비 회복세가 지속되고 있으나 회복속도는 다소 완만해지고 있고 투자관련지표들은 개선 추세를 지속하는 모습이라고 말했다.,1
45483,(서울=연합인포맥스) 임승규 기자 = 8일 국채선물시장은 미국의 고용지표 개선과국채금리 상승에 영향을 받으며 갭하락 출발할 것으로 전망된다.,1
45522, 미국 경제의 골칫덩어리였던 고용 및 소비지표가 잇따라 개선되면서 그간 위축됐던 위험자산 선호현상이 한풀 꺾인 것이 주식시장의 상승세를 이끌었다.,1
45523, 고용지표의 경우 당초 폭설로 인해 악화된 수치가 나올 것으로 우려했지만 시장의 기대를 상회하는 양호한 수치가 발표되면서 강력한 호재로 작용했다.,1
45526, 이와 함께 고용의 선행지표 역할을 하는 임시직 취업자수가 지난해 10월 이후 꾸준한 증가 추세를 이어가고 있고 신규 고용 발생이 나타나는 업종들이 증가하고 있다는 점에서 고용시장이 회복되고 있음을 확인할 수 있다.,1
45528, 실제로 근로자들의 평균 임금 역시 증가세를 지속하고 있는 것이 확인됐는데 이것이 소비로 연결되고 있다.,1
45529, 미국의 소비자신용은 1월 들어 전월대비 50억달러 증가했는데 이는 2009년 1월 이후 첫 증가세다.,1
45530, 고용시장의 회복과 이에 따른 소비시장의 개선이 그간 혼란을 줬던 미 경기에 대한 명확한 회복 시그널이 됐고 여기에 그리스 재정리스크 완화까지 더해지면서 위험자산 선호현상이 강화되고 있는 것이다.,1
45612, 즉 지난해에는 투자자들이 저금리의 달러를 빌려 증시에 투자함으로써 달러 약세와 뉴욕 증시 강세를 초래했지만 올해에는 경기 회복에 대한 기대감을 안고 증시에 투자하고 있기 때문에 달러가 더 이상 하락하지 않고 있는 것이다.,1
45637," 변 연구원은 """"국내 증시가 1660선을 회복하고 외국인 순매수 추세가 이어지는 등 투자심리가 완화된 상황이라 달러 매도세가 재개될 가능성이 있다""""며 환율 추가 하락 가능성이 있다고 말했다.",1
45661,     업종별로는 자동차부품(116)과 전기·전자기기(127) 기계·장비(120) 등은 내수 및 수출시장 동반회복으로 경기가 좋아질 것으로 전망됐다.,1
45859,금융부채 증가폭은 줄어지난해 개인의 금융자산이 주가 상승 등의 영향으로 급증하면서 사상 처음으로 2000조원을 돌파했다.,1
45860, 반면 금융부채 증가 폭은 줄어 개인 부문의 재무건전성도 사상 최고치를 기록했다.,1
46053,물가가 안정세를 보이는 것은 물론 제조업 경기가 살아나고 실업 수당 청구 건수도 줄면서 최악의 경기 침체 상황에서 벗어나고 있다는 기대감이 고개를 들고 있다.,1
46055,이 같은 제조업 경기 회복세가 급여 상승과 소비자 지출 확대로 이어졌다.,1
46331, 실제 원화를 기준으로 계산할 경우 지난해 국민소득은 소폭(3.3%)이나마 증가했다.,1
46359,  반면 국민의 실질 구매력을 나타내는 실질 국민총소득 증가율은 2008년 -0.6%에서 지난해 1.5%로 개선됐다.,1
46360, 김명기 한은 경제통계국장은 “수출상품 가격보다 수입상품 가격이 더 많이 하락해 교역조건이 개선되면서 실질 국민총소득이 증가세로 돌아섰다”고 말했다.,1
46400,    경기 고용 등 거시경제지표의 개선 움직임이 가시화되고 있으며 확장적인 현 거시정책 기조에는 변함이 없다고 강조했다.,1
46403,"    윤 장관은 경제 상황과 관련해 """"올해 실물경제 동향을 살펴보면 1월 지표들은 일시적 요인 등으로 다소 부진했으나 2월 이후부터는 경기 고용 등 거시지표의 개선 움직임이 가시화되고 있다""""고 말했다.",1
46404,"    그는 """"소비는 2월부터 양호한 소비심리 등을 감안할 때 회복세가 지속될 것으로 보이며 설비 투자 수요가 증가하고 있어 점차 개선되어 나갈 것으로 예상된다""""면서 """"수출은 주요 수출대상국인 미국 중국 등의 경기회복세로 미루어 증가세를 지속해 나갈 것""""이라고 전망했다.",1
46467,이는 국내 소비심리가 회복세를 유지하고 있는 가운데 봄철 나들이 고객 증가와 계절 신상품의 수요확대가 예상되면서지난해 새로 문을 연 대형백화점의 매출이 본격적으로 늘어날 것으로 전망됐기 때문으로 분석된다.,1
46620,(서울=연합인포맥스) 유승기 기자 = 미국 고용시장은 최악의 국면에서 탈출했다고 CNN머니가 1일 진단했다.,1
46621,    CNN머니는 내일 발표되는 3월 고용지표가 호전되더라도 이는 일시적 요인에 따른것이라는 우려가 상존해 있다며 그러나 미 기업의 소득 원천징수 현황을 살펴보면  미 고용시장이 최악의 국면에서 벗어났음을 알 수 있다고 주장했다.,1
46638,    그러나 CNN머니는 미 고용 여건이 최악의 국면을 벗어났다고 진단했다.,1
46641, 소득 원천징수의 증가로 중소기업 고용이 살아났음을 확인할 수 있다는 것이다.,1
46650,"    그는 """"고용지표가 개선된 고용 여건을 반영하려면 수개월이 걸리겠지만 고용 여건은 분명히 나아지고 있다""""고 평가했다.",1
46651,    한편 개별 가정을 조사하는 실업률은 전월과 변함이 없을 것으로 보이지만 가계 조사를 토대로 산정한 고용은 크게 늘어난 것으로 나타났다.,1
46654,"    퓨전 IQ의 배리 리솔츠 CEO는 """"고용 여건이 완만하게 개선되기 시작했다""""며 """"고용 증가 규모가 지난 90년대에 보인 30만~50만명에 미치진 못하겠지만 5만~20만명에는 이를 것""""으로 예상했다.",1
46655,"    리솔츠 CEO는 """"개별 가정을 대상으로 조사한 고용자수가 늘어났다""""며 """"이 수치는중소기업의 현황을 반영하기 때문에 지표를 선행해 고용 여건을 반영하는 경향이 있다""""고 설명했다.",1
46689, 변동성이 적은 4주 이동평균 실업보험청구자수도 2008년 9월13일로 끝난 주간 이래 최저 수준을 보였다.,1
46776,반면 부채는 줄었다.,1
46777, 지난해 부채비율은 94.97%로 1년전 보다 7.74%포인트 감소했다.,1
46884,2월 민간소비도 13% 개선 최근 우리경제가 수출과 내수 등 모든 분야에서 안정적인 회복국면을 유지하고 있다는 분석이 나왔다.,1
46886,2월 소비관련 지표들도 소매판매액지수가 1월보다 높은 12.9%의 증가율을 기록하는 등 민간소비 개선추세도 지속되고 있다.,1
46889,2월 노동시장관련 지표들은 고용회복이 점진적으로 가시화 되고 있음을 시사했고 3월 물가는 서비스 가격안정에 주로 기인해 전월에 비해 하락한 2.3% 상승률을 기록했다.,1
46924,  미국 노동부가 지난주 금요일 발표한 3월 고용지표는 최근 3년래 가장 많은 16만2000명이 증가했고 이번 주 월요일에 발표된 미 구매관리자협회(ISM)의 3월 서비스업지수와 2월 잠정주택판매도 예상치를 크게 웃돌았다.,1
46943,  하지만 어쨋든 3월에 큰폭의 일자리 창출이 이뤄졌고 10년물 국채 금리가 4%를 위협하고 있는 상황에서 버냉키 의장의 입장이 다소 바뀔 개연성은 있는 것으로 예상된다.,1
46989,당정 5년간 10조 공급…서민대출 늘리고 이자부담 줄여대부업체의 최고 이자율이 현행 연 49%에서 올해 하반기 44%로 낮춰지고 내년에는 39%로 떨어질 전망이다.,1
46995, 당정은 또 신용등급이 낮고 담보 능력이 없는 서민층의 금융 이용 기회를 늘리기 위해 저신용자 · 저소득층에 대한 대출 보증을 통해 앞으로 5년간 10조원 규모의 서민 대출을 실시하기로 했다.,1
46999, 당정은 이와 함께 갚지 못한 빚으로 인해 채무 조정을 받고 있는 서민의 어려움을 해소하기 위해 5년간 1500억원 규모의 긴급 생활자금 대출을 실시하고 올해 4월 종료 예정인 사전채무조정(프리워크아웃) 제도를 1년간 연장하기로 했다.,1
47033,1·4분기 성장률 7% 안팎 전망’ ‘3월 취업자 30만명 증가 예상’ ‘3월 수출 35.1% 증가’ ‘1월 산업생산 36.9% 급증’.,1
47046, 정부의 예상대로 올 3월 취업자수 증가가 30만명에 이른다면 2007년 7월(30만3000명) 이후 2년8개월 만에 30만명대에 올라서게 된다.,1
47162,    한은은 12일 '2010년 수정 경제전망'을 통해 올해 GDP 증가율은 수출이 꾸준히 늘어나고 소비와 설비투자 등 내수도 회복되면서 5.2%를 기록할  것으로  예상했다.,1
47165,    수요부분별로 민간소비가 가계소득 증가와 소비심리 호전 등에 힘입어 작년 0.2%에서 4.0%로 증가하고 설비투자도 지난해 마이너스 9.1%의 증가율에서 올해는 13.4%로 높은 증가율을 기록할 것으로 기대됐다.,1
47179,    한편 이번에 경제성장률 전망치를 상향조정한 이유로 한은은 글로벌 금융시장의안정세와 세계경제 회복세 확대 등의 대외적인 변수에 더해 가계소득 증가세  기업투자 유인 증대 민간부분의 고용확대 등의 내부적인  변수를  원인으로  제시했다.,1
47483,[서울신문]3월 취업자가 26만 7000명 늘었다.,1
47488, 실물경제 회복세와 달리 기지개를 켜지 못하던 고용회복세가 점차 가시화되고 있다는 게 정부의 평가다.,1
47489,통계청이 14일 발표한 3월 고용동향을 보면 취업자수는 2337만 7000명으로 지난해 같은 달보다 26만 7000명 늘었다.,1
47617, 올해 주택자금으로 총 14조8200억원이 지원된다.,1
47631," 국토부 관계자는 """"전체적으로는 보금자리주택 건설에 따라 주택기금 지원이 늘어났다""""면서 """"특히 올해는 주택구입자금과 전세자금을 통합해 지원하게 되며 이에 주택 구입이나 전세 자금 마련이 더욱 용이해질 전망""""이라고 밝혔다.",1
48081,  그리스 재정 위기를 비롯한 해외 악재들이 해소 국면으로 접어들면서 투자심리가 살아났습니다.,1
48085,  미국증시가 주택지표 호조 등으로 상승하고 그간 악재로 작용했던 그리스발 금융위기가 해결의 실마리를 찾자 투자심리가 개선됐습니다.,1
48103,     그간 국내 증시 상승세를 발목을 잡았던 그리스 문제가 그리스 정부의 구제금융 신청으로 불확실성이 해소돼 투자 심리가 개선된 것으로 증시 전문가들은 보고 있다.,1
48108,     또 미국의 대량 해고자가 감소하며 고용시장의 점진적인 회복세가 이어지고 있고 핵심 내구재 신규주문이 늘어나며 민간 수요 회복에 대한 기대감이 높아지고 있다.,1
48231,"    이 신문은 그러나 """"글로벌 통화가 약세를 보이면서 한국은 지난 14개월간 원화를 위협하지 않으면서 금리를 역대 최저수준인 2%로 유지했다""""면서 """"이는 부채에 허덕이는 중소기업과 소비자들에게 차단막이 돼 줬다""""고 말했다.",1
48603,12만3210대 판매 YF쏘나타 1만1138대로 7개월 연속 판매 1위 국내 자동차 업계의 내수판매가 전반적인 소비심리 회복과 신차효과 등에 힘입어 호조를 지속하고 있다.,1
48614,국내 자동차 업계의 내수판매가 소비심리 회복과 신차효과에 힘입어 호조를 이어가고 있습니다.,1
48748, 통계청이 발표한 고용동향에 따르면 우리나라의 실업률은 올 1~2월 두 달 연속 5% 안팎의 고공행진을 이어가다가 3월에 4.1%를 기록하는 등 점차 안정세를 되찾고 있다.,1
48893,    생산지표들은 정부의 통화량 증가 억제의 영향으로 전달에 비해 소폭 둔화했으나 여전히 높은 수준을 지속했으며 소매판매는 증가폭이 확대되며 정부의 내수활성화 정책이 효과를 나타내고 있는 것으로 분석됐다.,1
48990, 국내 경제는 향후에도 양호한 재정 건전성과 민간부문 자생력을 바탕으로 여타 국가는 차별화된 회복속도를 나타낼 것으로 전망한다.,1
49044, 유럽발 재정 위기가 진정되면서 미국을 비롯한 주요 선진국 지수가 강세를 보이자 국내증시의 투자심리도 살았습니다.,1
49297,고용사정 또한 중소기업이 인력난을 보이고 있다는 점에서 점차 개선될 것으로 전망했다.,1
49757, 여기에다 지난 주 미국 주간 신규 실업자 수는 46만명으로 한 주 전보다 1만4천명 감소해 고용시장에 대한 불안도 감소했다.,1
50017, 계속해서 개선세가 이어지고 있는걸까요? 오늘 발표된 지난달 실업급여 신청자수가 눈에 띄게 줄었습니다.,1
50020,   앵커: 노동부가 지난달 실업급여 신청자 수를 발표했죠? 결과가 어떻습니까? 기자: 노동부는 지난달 실업급여 신규 신청자가 6만 5000명으로 지난해 같은 기간보다 1만 4000명 17.7% 줄었다고 밝혔습니다.,1
50022, 실업급여 지급자수와 지급액은 전달대비로 올 4월부터 두 달 연속 감소세를 보였습니다.,1
50028, 실업급여 신규신청자수가 넉 달 연속 감소하고 사업주의 고용유지지원금 활용도 대폭 줄어 최근 고용여건이 상당히 개선되는 것으로 보입니다.,1
50029, 앵커: 이런 고용사정 개선 추세는 지난 3월과 4월 고용 동향을 통해서 이미 확인된 바 있죠? 기자: 지난 4월 취업자 증가폭은 거의 5년 만에 최대치를 기록하고 실업률도 넉 달 만에 3%대로 떨어지는 등 회복세가 완연했습니다.,1
50030, 지난 4월 취업자는 2392만 명으로 경제위기 직전인 2008년 4월 2371만 명을 넘어서면서 전년동기 대비 40만 1000명 증가했습니다.,1
50032, 고용률도 5개월만에 59%대에 진입했고 실업률도 3%대로 내려 앉아 예년 수준을 회복했습니다.,1
50033, 지난해 부진에 따른 기저효과와 희망근로를 비롯한 각종 정책효과가 맞물리면서 고용시장이 오랜만에 활기를 띠고 있는 모습을 보여줬는데요.,1
50034, 경기회복세가 대표적인 경기 후행 지표인 고용지표에도 고스란히 반영됐다고 볼 수 있습니다.,1
50035," 앵커: 그럼 앞으로 발표될 5월 고용 동향에도 이런 분위기가 반영되겠군요? 기자: 지난달 기획재정부는 """"3월에 이어 4월에도 고용회복세가 점차 확대되고 있다""""며 """"5월 전년동월대비 취업자수 증가율은 4월과 비슷한 수준일 것""""이라고 밝힌 바 있습니다.",1
50036, 또 앞으로 경기회복세가 지속될 것으로 예상돼 고용여건 개선도 계속될 것으로 내다봤는데요.,1
50037," """"세계경제 회복에 따라 수출증가율이 높아지고 제조업 평균 가동률이 80%를 넘어서는 등 고용 회복기반이 강화되고 있으며 3월에는 신설법인수가 8년래 최고에 달해 구인수요도 확대되고 있다""""고 분석했습니다.",1
50038," 또 """"각종 일자리 대책 효과도 고용 회복세 확대에 기여하고 있다""""면서 """"올 하반기에는 기저효과로 공공부문 취업자가 감소할 것으로 보이지만 민간부문 취업자가 증가하면서 이를 상쇄해 전반적인 고용 회복세는 지속될 것""""예상했습니다.",1
50118,    지수는 5월 민간고용이 4개월 연속 증가하고 주간 실업보험 청구자수도 2주째 감소한 데 지지를 받았지만 유로화가 약세를 나타내고 지표들이 예상치를 밑돌았다는 실망감이 확산하며 장중 약세 반전하는 등 상승폭을 줄였다.,1
50174, 또 지난주(29일 마감기준) 미국의 신규 실업수당 청구건수는 전주 대비 1만건 감소한 45만3000건을 기록했고 ADP가 발표한 5월 민간부문 고용은 4개월 연속 증가세를 이어갔다.,1
50175, 주요 기업들의 실적호재도 투자심리에 일조했다.,1
50458, 특히 두 지역에서는 상대적으로 빠른 회복을 보였던 제조업 경기의 확장속도가 둔화되기 시작한 반면 소비 경기는 여전히 빠른 회복세를 이어가고 있다.,1
50527,    특히 최근의 건설업 업황 회복세에 따라 부산지역 건설업 취업자수도 증가하면서 올 1분기에는 월평균 11만5천명에 달했고 4월에는 12만8천명으로 꾸준히 늘고 있다.,1
50537,- 고용률 19개월만에 60%대 회복  5월 취업자수가 전년동월대비 58만6000명 늘어나면서 8년 1개월만에 최대 증가폭을 기록한 것으로 나타났다.,1
50538,전달에도 4년8개월 만에 가장 큰 폭으로 증가한 데 이어 고용시장의 빠른 회복 추세가 이어지고 있음을 확인시켜줬다.,1
50539,12일 통계청이 발표한 `5월 고용동향`에 따르면 5월 취업자는 2430만6000명으로 전년동월대비 58만6000명 증가했다.,1
50540,고용상황을 실질적으로 반영하는 고용률은 60.0%로 전년동월비 0.7%포인트 상승했다.,1
50541, 2008년 10월(60.0%) 이후 19개월 만에 60%대로 올라섰다.,1
50542,올들어 취업자 증가수는 1월만해도 5000명 늘어나는데 그쳤지만 2월 12만5000명 3월 26만7000명 4월 40만1000명 등 증가폭이 빠르게 확대되고 있다.,1
50544,실업률은 3.2%로 4개월 연속 낮아졌다.,1
50545, 실업률은 지난 1월 5.0%로 정점을 찍은 뒤 2월 4.9% 3월 4.1% 4월 3.8%로 떨어졌다.,1
50546, 계절조정 실업률도 똑같이 3.2%로 지난해 1월 이후 계속해서 하락했다.,1
50547, 5월 실업자수도 78만9000명으로 빠르게 줄었다.,1
50570,0%로 상향 조정되고 호주의 5월 고용이 3개월째 증가했다.,1
50635,"보고서는 그러나 인구 감소 등을 감안할 때 """"주택시장의 폭락보다는 '침체(stagnation)' 가능성이 더 높아 보인다""""며 """"이는 금융자산 선호현상을 가져와 일본과는 달리 가계의 주식 보유를 증가시킬 수 있을 것""""으로 전망했다.",1
50672,    그는 그러면서 중국내 외자기업이 29만 개에 이르고 이들 기업이 고용한 중국 근로자만도 4천500만∼5천만명에 달해  중국 고용 문제 해결에 큰 기여를 하고 있다고 덧붙였다.,1
50723, 2008년 말 가계부문의 은행 대출이자 부담은 연환산 50.3조 원 가량이었으나 기준금리 인하로 연환산 40.9조 원으로 떨어져 연간 약 10조원 가량 감소했다.,1
50725,2008년 말 금리인하 직전의 가계신용대출액을 기준으로 저금리 정책의 기회이득을 계산해보면 은행에 빚을 진 가계는 연환산 12.2조 원(688조 원×(7.3%-5.5%)) 가량의 금리인하(보조금) 혜택을 받은 셈이라고 할 수 있다.,1
50789, 1분기 개인 금융자산/부채 비율 2.31배- 순금융자산 사상 첫 1100조 넘어 개인들이 빚을 갚을 수 있는 능력이 최근 2년 반만에 가장 좋아진 것으로 나타났다.,1
50798, 또 가계가 부채를 상환할 수 있는 재무 건전성을 보여주는 금융자산/부채 비율도 2.31배로 작년도말 2.28배보다 0.03배 상승했다.,1
50829,우선 중국 등 신흥국의 구매력과 소비가 계속 증가하고 있다.,1
50844,"윤 장관은 """"최근에 경기회복이 상당 부분 진전되면서 지난 4월달 취업자 수가 40만명 5월달 58만명까지 늘어나고 있다""""면서도 """"이런걸 통해 조금씩 해결되고 있는데 만족할만 하지 못하다""""고 언급했다.",1
50885,    계절적 변동요인을 제거한 수치인 주간 신규실업자의 4주 이동평균치는 46만3천500명으로 한 주 전에 비해 500명 감소했다.,1
50909,이 고문은 중국 노동환경 변화의 원인으로 '한 가구 한자녀 정책' 시행으로 인한 생산인력 부족과 신세대 노동자 부상에 따른 노동 권익 의식 상승 정부의 정책 변화 등을 꼽았다.,1
50910,"특히 """"수출주도형에서 내수소비형 경제모델로 전환함에 따라 내수촉진 빈부격차 감소를 위해 임금 인상을 유도하는 정책이 잇달아 입안되고 있다""""고 전했다.",1
50911,실제로 올 상반기 광저우(廣州)의 최저 임금 인상폭이 21.9%에 달하는 등 전국적으로 최저임금이 대폭 인상되고 있는 것으로 전해졌다.,1
50981," 금감원은 """"연체율이 비교적 낮은 수준에서 유지되고 있어 당초 우려와는 달리 은행의 건전성에는 크게 영향을 미치지 않고 있다""""면서 """"이는 희망홀씨대출이 서민들의 금융비용 부담을 완화시키면서도 건전성을 저해하지 않는 새로운 모델로 성과를 거두고 있음을 보여주는 것""""이라고 말했다.",1
50985,수출제품 가격경쟁력 상승부품 수입가격 인하 수혜中 소비자 구매력도 커져중국의 환율 정책 변경으로 위안화의 절상 가능성이 커짐에 따라 전 세계 다국적 기업이 일제히 반색하고 있다.,1
51025,부가세는 민간소비와 수입의 증가로 지난해보다 2조6000억원이 더 걷혔고 법인세는 세율인하 등의 영향으로 4000억원 가량 덜 걷혔다는 설명이다.,1
51190, 대만 중앙은행은 24일 주택시장과 내수의 완만한 성장 유가 상승 인플레이션 상승세 등을 이유로 정책금리를 1.25%에서 1.375%로 0.125%포인트 전격 인상한다고 밝혔다.,1
51215,    이는 세계 주요국들의 실물경제가 회복세를 유지하고 있는 가운데 부산지역도 수송기계 및 철강제품의 수출이 호조세를 보이는데다 자동차와 의복 관련 업종을 중심으로 산업생산이 증가하고 소비심리도 개선되고 있기 때문으로 풀이된다.,1
51315,획재정부는 올 들어 지난 5월 말까지 284개 공공기관이 청년인턴 7100명을 채용연간 계획의 78.2%를 달성했다고 28일 발표했다.,1
90, 심상찮은 물가가 더욱 들썩여 서민생활이 타격을 받으면 내수부진과 기업들의 투자위축으로 이어질 수 있기 때문이다.,2
101, 국제 금융시장의 불안에 더해 고유가에 따른 물가불안과 내수경기의 침체가 본격화하면 기업 투자에는 제동이 걸릴 수밖에 없다.,2
148,"    그는 """"미국 경제지표의 마지막 보루인 12월 고용이 충격적으로 발표됐다""""며 """"그간 미국경기에 대해 좀 더 두고 보자는 시각은 서비스업을 중심으로 고용이 어느 정도 버텨줬기 때문인데 이제는 고용마저 경기둔화의 영향권으로 들어왔다""""고  진단했다.",2
154,고유가 및 국제금융시장 불안등 부정적인 대외여건 여파로 가계와 기업 심리지표가 악화되고 있는 것으로 나타났다.,2
244,올해 외국계 기업의 취업문이 지난해보다 좁아질 것으로 보입니다.,2
245,  취업 정보업체 인크루트가 외국계 대기업 서른개를 조사한 결과 응답기업의 66%만이 채용계획이 있다고 답했습니다.,2
247,  지난해 조사보다 13.5% 줄었습니다.,2
268, 이날 미국 경제전문방송인 CNBC는 소식통을 인용 씨티그룹이 전체 직원의 5~10% 감원에 나설 예정이라고 보도했다.,2
384,파키스탄은 특히 부토 전 총리의 암살로 인한 정정불안에 식량난까지 겹쳐 폭동이 일어날 위험성도 고조되고 있다.,2
498,비정규직 문제도 필요하면 불가피하다는 입장을 피력했다.,2
499,"이명박 당선인은 """"기업수지가 안맞으면 비용 절감 차원에서 비정규직을 고용할 것이고 경제가 좋아지면 다시 정규직을 늘릴 것""""이라며 """"비정규직 활용하는 중소기업은 정부 차원에서 지원할 수 있도록 할 것""""이라고 말했다.",2
522,"버냉키 의장은 인플레이션 우려는 올해 실물 경제활동의 기본 전망이 악화하고 있음을 보여주고 있을 뿐 아니라 경제성장의 하향 위험도 더욱 분명해지고 있다면서 """"고유가와 주가 및 주택가격 하락을 포함한 많은 요소들이 올해 소비지출에 부담이 될 것으로 보인다""""고 우려했다.",2
524,최근 발표된 미국의 작년 11월 기존주택 잠정판매지수가 예상보다 크게 떨어지고 작년 12월 실업률도 2년래 최고치인 5%를 기록해 고용시장까지 악화하면서 경기 침체 우려는 더욱 커지고 있다.,2
561, 특히 티파니 등의 실적 전망 하향 조정은 미국 경제의 3분의2를 차지하고 있는 소비 위축에 따른 경기후퇴(recession) 우려와 함께 막 시작된 어닝시즌 기업들의 실적에 대한 우려를 촉발시켰다.,2
562,11월 무역적자가 고유가 여파로 1년래 최대 수준으로 확대된 것도 투자 심리를 짓눌렀다.,2
563, 한편 금융권에서 잇단 인수합병(M&A) 소식이 전해졌으나 위축된 투자 심리를 되돌리기에는 역부족이었다.,2
654, 연구소는 특히 미국의 서브프라임 모기지에 이어 중간 신용 및 소득 계층을 대상으로 한 우량 모기지 시장의 ‘옵션(Option) ARM’ 대출 상품도 부실화될 가능성이 제기되고 있다고 밝혔다.,2
669," 알 샤이크는 """"인플레이션의 영향이 저소득층 뿐만 아니라 중산층에까지 확대되고 있다""""며 """"정부가 환율 제도를 재검토할 시점""""이라고 밝혔다.",2
720, 특히 12월 실업률이 2년래 최고치인 연 5%로 치솟은 이후 경기후퇴의 우려감은 최고조에 달하고 있다.,2
721, 서브프라임 모기지의 악영향을 상쇄하며 그동안 미국 경제의 버팀목 역할을 해왔던 고용시장이 무너져가고 있다는 사실을 보여줬기 때문이다.,2
722, 더군다나 미국 경제의 3분의 2를 지탱하고 있는 소비도 한파가 몰아치는 한겨울을 맞고 있다.,2
793,그러나 지난 11월 소비자물가지수(CPI) 상승률은 6.9%를 기록해 근 11년만에 최고치를 기록하면서 정부의 긴축정책이 효과를 보지 못하고 있다는 비판을 받았다.,2
794,지난해 8월 이후 4개월 연속 4%를 넘어선 CPI상승률을 보고 많은 경제 전문가들은 중국이 올해 지난해보다 더욱 강력한 긴축정책을 펼 것이라고 예상해왔다.,2
914, 제조업 침체와 고용 부진에 이어 대표적인 소비지표인 소매판매마저 급감하자 부시 행정부는 1450억달러 규모에 달하는 조세환급 조치를 발표했다.,2
967,(서울=연합뉴스) 이웅 기자 = 미국 경기침체 우려 속에 불안심리가 급속히 확산되면서 글로벌 증시가 바닥 없는 추락을 지속하고 있다.,2
971,"    도쿄 소재 투자사인 펀드 크리에이션의 기노시타 데루노부 펀드매니저는  """"늘어나는 손실이 투자자들의 심리를 악화시키고 있다""""고 전했다.",2
976,        전날(21일) 유럽 증시는 지난 주 발표된 미국의 경기부양책에 대한 실망감과 전날 아시아 증시의 급락 영향으로 동반 급락했다.,2
981,"    스페인 마드리드 소재 투자사인 인베르세구로스 SVB의 리서치 책임자인  알베르토 롤단은 """"주식시장의 위기""""라며 """"투자자들이 정부의 부양 정책을  신뢰하지  않을 뿐만 아니라 큰 폭의 금리인하로 미국의 경기침체를 피할 수 있을 것으로 믿지 않는다""""고 밝혔다.",2
1063,우리나라 고용률이 최근 6년간 63%대를 벗어나지 못하며 제자리걸음을 하고 있는 것으로 나타났습니다.,2
1065,  연구소는 또 새 정부가 경제성장률 6%를 달성한다 하더라도 일자리는 연간 최대 41만개 늘어나는 데 그쳐 공약 목표인 60만 개를 달성하기에는 부족하다고 지적했습니다.,2
1193,  루비니 글로벌 이코노믹스의 누리엘 루비니 회장은 “미국 서브프라임 모기지 위기가 소비자와 기업들의 자금 문제로까지 확산되고 있으며 이는 부도율을 급격히 증가시키는 새로운 원인이 되고 있다”고 밝혔다.,2
1521, 시어드는 “미국 소비 급락으로 아시아의 수출 다각화는 계속될 것”이라면서 “이에 아시아는 국제경제에 더욱 연결될 것이고 결국 이는 미국 경제와 탈동조화할 수 없다는 의미”라고 말했다.,2
1563, 지난해 소비자물가 급등 주범이었던 돼지고기는 중국 최대 명절인 춘절을 앞두고 천정부지로 치솟고 있다.,2
1566, 중국 언론들은 최대 명절 춘절을 앞두고 고기와 채소 가격이 급등세를 보이면서 13억 중국인들이 수심이 깊어지고 있다고 보도하고 있다.,2
1576, 폭설 등 기상악화로 현재 11개성(省)의 채소류를 비롯한 식료품가격이 전반적으로 50% 이상 인상된 것으로 알려지고 있다.,2
1586, 중국내 대표적인 인터넷사이트인 ‘신화망’은 지난 1일 배추가격이 쟝시 23.3% 쟝쑤 15%후난 12.3% 광시 9% 상승을 기록하는 등 전반적인 채소류가격이 소폭 상승하는데 그쳤다고 보도했으나 폭설 피해가 장기화되면서 서민들이 느끼는 실제 체감지수는 더욱 높은 것으로 알려지고 있다.,2
1608,1월 중 새로 만들어진 비농업부문 일자리가 1만7000개나 줄었음에도 불구하고 뉴욕증시는 강세를 보이는 기염을 토했다.,2
1646, (씨지) 고용지표 부진 *비농업부문 고용 -1만 7000개 예상 크게 하회 *부시“경제 약화 신호 심각” *소득 및 지출 감소 우려 고조전문가들은 비농업부문의 일자리 수가 8만 2000개 정도 늘어날 것으로 예상했지만 실제로는 1만 7000개에 머물렀습니다.,2
1654,소비자의 경기상황 판단 척도인 소비자 신뢰지수나 핵심 소비지표인 근원 개인소비지출(PCE)도 전월보다 부진하거나 비슷한 수준입니다.,2
1698,    1월 고용지수는 51.8에서 43.9로 낮아졌고 신규 수주 역시 53.9에서 43.5로  급락했다.,2
1705,    1월 고용지수는 51.8에서 43.9로 낮아졌고 신규 수주 역시 53.9에서 43.5로  급락했다.,2
1827,뉴욕타임즈는 부동산 거품이 꺼지면서 부실 대출이 쌓이고 이 것이 소비와 고용시장 악화로 이어진 일본의 1990년대 장기 불황이 미국경제에 나타나고 있다고 경고했습니다.,2
1828,실제로 서브프라임 모기지 부실 사태가 불거진 지난해 7월말이후 경제지표는 더욱 악화됐습니다.,2
1829,미국 경제를 지탱해온 소비가 1월 소매판매 증가율이 38년만에 최악을 기록할 정도로 부진한데다 서비스업 경기도 5년만에 위축된 것으로 나타나는 등 소비와 고용에 이르기까지 전반적인 경제지표는 악화일로에 있습니다.,2
1912, 특히 홍콩 증시가 연휴 기간 7.6% 하락한 것이 투자심리를 악화시켰다는 설명이다.,2
2025, 특히 계층간 소득 증가율 차이가 벌어지면서 소득 형평성은 오히려 악화된 것으로 나타났다.,2
2028,소득의 실질 증가율 감소로 인해 소비지출도 크게 늘어나지 못했다.,2
2031,또 소득이 많은 가구일수록 소득증가율이 높아 부익부 빈익빈 현상이 강화되고 있는 것으로 드러났다.,2
2034,이에 따라 상위 20% 가구와 하위 20% 가구의 소득 비율인 소득 5분위 배율은 2006년 7.64배에서 지난해 7.66배로 상승했다.,2
2173, 연초 고용지표가 붕괴되면서 침체 국면을 맞은 미국 경제가 채권보증사의 신용경색 재점화로 '악순환의 함정'에 빠질 수 있기 때문이다.,2
2174,지난주 말 발표된 2월 미국 미시간대학 소비자신뢰지수는 1992년 이후 가장 낮은 수준인 69포인트로 추락했다.,2
2255,    미국 프라임 모기지 시장의 경우 지난해 9월을 기준으로 빚을 제대로 갚지 못해대출 시한을 넘기거나 저당물 소유권을 상실한 경우가 4%에 육박해  모기지은행협회가 이의 통계 산출을 시작한 1998년 이래 가장 높은 비율을 나타냈다.,2
2256,    모기지 시장 전체의 대출시한 초과와 저당물 소유권 상실 등 부실화 비율도 7.9%에 달해 역시 집계가 시작된 1979년 이래 최고 비율이다.,2
2257,    주택담보 가계자금 대출(HEL)의 부실화 비율 역시 지난해말 5.7%를 기록해 전년의 4.5%에서 크게 증가했으며 자동차 구입시 대출자금인 `오토론'의 경우에도 지난해말 부실화 비율은 전년 대비 1.0%포인트 증가한 7.1%였다.,2
2258,    미국의 오토론 연체율은 10년만에 최고치를 기록했다.,2
2259,    피치에 따르면 1월 한달간 60일 이상 연체한 프라임 오토론  ABS와  서브프라임 오토론 ABS는 0.77%로 직전월보다 12% 늘어났다.,2
2312, 지난주말 발표된 미국의 소비자신뢰지수는 16년만에 최저치를 기록했고 뉴욕의 2월 제조업경기는 3년만에 위축됐다.,2
2398,  생산자물가나 수입물가는 소비자물가의 선행지표로 이 같은 추세가 계속되면 2월 소비자물가가 4%를 뚫고 올라갈 가능성이 높아졌다.,2
2403,  문제는 98년 당시의 수입물가상승은 환율 문제에 기인한 것이지만 이번 상승은 국제유가와 비철금속 농산물값 앙등 등 수요 측면에서 발생했고 고스란히 기업 생산품의 판매가격에 반영 기업·가계에 직접적 영향을 미친다는 점이다.,2
2411,  생산업체는 연간 상승한 국제 원자재값을 반영한 조치이지만 가계에는 ‘물가폭탄’으로 작용할 것으로 예상된다.,2
2423,2% 밀려- 日증시 高유가+KKR 악재로 투심 급속 냉각.,2
2430, 오후장에서 사모펀드 KKR의 모기지(주택담보대출) 자회사 KKR 파이낸셜 홀딩스가 두 번째로 기업어음 상환을 미뤘다는 소식으로 투자 심리가 급격히 냉각됐다.,2
2463, 삼성경제연구소의 김화년 수석연구원은 “미국이 금융부실로 공격적인 금리인하를 단행하면서 글로벌 유동성이 곡물과 원자재 시장으로 이동하면서 가격이 급등하고 있다”며 “특히 곡물가격 상승은 서민경제에 직접 영향을 끼친다는 점에서 심각한 문제”라고 말했다.,2
2524,성장률 평균 4.3% 수출 '두자릿수' 증가 청년 실업률 8% 등 빈부격차 해소 역부족  참여정부가 25일로 역사의 뒷편으로 사라진다.,2
2538, 저성장 기조가 고착화되면서 5년 내내 기업들의 설비투자가 위축됐고 내수경기는 뚜렷한 회복기미를 보이지 못했다.,2
2539, 이는 일자리 창출 능력을 현저히 약화시키는 결과를 초래했다.,2
2611, ■BDI 하락 투자심리 위축 2월 들어 계속 상승세를 이어가던 BDI지수가 7000대에서 다시 6000대로 떨어진 것이 해운업황에 대한 우려를 낳았다는 분석이다.,2
2613, 하나대투증권 서동필 연구원은 “BDI가 지난 몇 주간 반등세를 보였지만 전일 1.17%나 하락하면서 투자자들의 심리를 위축시키고 있다”고 진단했다.,2
2623,[중국망 한국어판]최근 주간지 랴오왕(瞭望)이 발표한 지니계수에 따르면 중국의 주민소득 격차가 이미 합리적인 수준을 넘어섰다.,2
2624,2006년 중국 도시주민 중 상위 20% 고소득층의 소득은 2만5410.8위안으로 하위 20% 저소득층의 소득 4567.1위안의 5.6배였고 농촌주민 중 상위 20% 고소득층의 소득은 8474.8위안으로 하위 20% 저소득층의 소득 1182.5위안의 7.2배였다.,2
2625,세계은행이 발표한 데이터에 따르면 중국 주민소득의 지니계수는 개혁개방 이전의 0.16에서 현재 0.47까지 상승하여 국제 경계선인 0.4를 넘어섰을 뿐 아니라 모든 선진국을 앞섰다.,2
2626,전문가들은 일부에서 드러나지는 않는 복지 혜택을 받고 있는 상황을 감안한다면 중국의 실제 소득 격차는 더욱 크다고 말한다.,2
2629,최근 발표된 중국의 지니계수는 모든 선진국과 대부분의 개발도상국보다 높았고 지금까지의 발표된 중국의 지니계수 중 최고치였다.,2
2667, 고용시장도 더 좋지 않아졌다.,2
2673, 달러에 대한 투자자들의 불안 심리가 증폭됨에 따라 엔카리트레이드 청산 움직임이 되살아나면서 엔화는 다시 주요 통화에 대해 강세로 돌아섰다.,2
2697, 그러나 고용시장 약세는 임금 상승세를 제한하고 있다.,2
2820, 1월 개인소비 증가율(29일)도 시장 추정치는 전월의 5.7%에서 소폭 하락한 5.3%정도로 절대적인 증가율은 낮다.,2
2828,"국銀 """"내달 하순 금리인상 가능성""""중국의 2월 소비자물가지수(CPI) 상승률이 12년만에 최고치인 8.7%에 달할 것이라는 전망이 나왔다.",2
2874, 이는 지금처럼 연기금이 쌓이는 시기에 연금보험료 인상 정책을 쓰면 국민들의 가처분 소득을 줄여 민간소비와 투자활동 등 실물경제의 활력을 떨어뜨릴 수 있다는 뜻이다.,2
2956,(뉴욕=연합인포맥스) 김홍규 특파원 = 벤 버냉키 연방준비제도이사회(FRB) 의장은 소비지출이 중대한 둔화세를 나타내고 있다고 27일 말했다.,2
3019,(뉴욕=연합인포맥스) 김홍규 특파원 = 지난 2월23일로 끝난 주간의 미국 실업보험청구자수가 1만9천명 증가한 37만3천명을 나타내 1월 말 이래 최고치를  기록했다고 미 노동부가 28일 밝혔다.,2
3065, 워싱턴에 거주하고 있는 게일 풀씨는 “현재 미국 경제는 후퇴가 아니라 오랜 기간의 극심한 침체라고 봐야한다”면서 그는 물론 주변의 많은 사람이 일자리를 잃었다고 설명했다.,2
3183,    주간 실업보험청구자수는 1만9천명 증가해 1월 말 이래 최고치를 경신하며 노동시장 약화 가능성을 시사했다.,2
3248,  경기후퇴(recession) 우려감을 고조시킨 주요 소비 및 제조업 지표 발표와 AIG 델 등의 실적 부진 여파가 투자심리를 꽁꽁얼렸다.,2
3291, 투자의 귀재 워런 버핏이 올해 보험업의 실적이 좋지 않을 것이라고 밝혀 투자심리를 악화시켰다.,2
3391,[한겨레] 최근 밀값의 최고기록 행진과 더불어 25억 아시아인의 생명줄인 쌀의 가격도 천정부지로 뛰어 식량위기 우려를 더해주고 있다.,2
3392, 이미 일부 아시아 나라에선 쌀값 폭등에 따른 사회불안이 현실화했다.,2
3393, 미국산 쌀의 대표 시세인 시카고상품거래소 쌀값은 3일 100파운드(45.36㎏)에 18.10달러를 기록해 사상 최고가를 경신했다.,2
3395, 타이산 쌀값도 톤당 500달러를 돌파해 20년 만의 최고치에 이르렀다.,2
3396, 석유와 광물·곡물 등 국제 상품가격이 30여년 만에 최고의 상승세를 보이는 추세에서 아시아인들의 주식인 쌀도 예외가 아니다.,2
3466, 이런 가운데 유가와 원자재 가격 상승으로 비용부담은 늘고 경기 침체 우려에 직면한 미국 소비자들은 주머니를 닫고 있어 기업들의 주름살은 깊어지고 있다고 월스트리트저널(WSJ)이 4일 보도했다.,2
3489,고유가 인플레이션 세계경제 성장 둔화에 대한 우려 등이 확산되면서 소비자기대지수와 소비자평가지수가 모두 하락했다.,2
3490, 통계청의 2008년 2월 소비자 전망조사 결과에 따르면 향후 경기·소비에 대한 낙관적인 심리가 위축되면서 소비자기대지수는 전월보다 2.8p 하락한 103.1로 나타났다.,2
3491, 또 현재의 경기·생활 형편을 평가하는 소비자평가지수도 전월의 82.7보다 하락한 81.8을 나타냈다.,2
3494, 소비자기대지수를 구성하는 3대 지수인 경기기대지수 생활형편기대지수 소비지출기대지수가 모두 하락했으며 특히 경기기대 지수가 5.2p 하락함으로써 소비자기대지수 하락을 주도했다.,2
3497, 1년전과 비교해 현재 가계 수입의 변동을 나타내는 가계 수입평가지수도 96으로 전월의 97.1보다 하락해서 전반적으로 수입은 줄고 부채는 늘어난 것으로 나타났다.,2
3500, 미 연방준비제도이사회(FRB)는 5일(현지시간) 베이지북을 통해 올해 들어 주택시장 침체 심화와 신용경색 속에 소비와 투자 심리가 위축되면서 경제가 약화되고 있는 것으로 나타났다고 밝혔다.,2
3502, 실제로 서브프라임 모기지 사태로 비롯된 부동산시장 냉각과 계속되는 고유가 금융시장 불안에 이어 미국경제의 마지막 보루로 여겨지던 소비자 판매까지 급감하면서 경기침체는 현실로 다가오고 있는 모습이다.,2
3504, 또 베이지북은 올해 들어 소비자판매지수의 척도인 자동차 가전제품 등의 판매가 눈에 띄게 줄어들었으며 금융기관들은 더 이상 기업 개인에게 쉽사리 대출을 해주지 않는다고 밝혔다.,2
3507, 이와 반대로 고용사정은 점점 악화되고 있다.,2
3514, 서비스업계도 소비심리 위축으로 인해 고전을 면치 못하고 있다.,2
3585, 미국의 비농업부문 고용은 두달 연속 감소 경기후퇴(recession) 진입이 기정사실화되는 분위기다.,2
3652,[메리츠證]미국 2월 비농업부문 일자리가 전월대비 6만3000건 감소한 가운데 앞으로 관전포인트는 이같은 감소자수가 얼마까지 확대되느냐에 있다는 관측이 나왔다.,2
3660, 고용지표가 월가의 예상치를 크게 밑돌았기 때문에 75bp에서 100bp 인하도 나올 수 있다는 관측이다.,2
3730, 원화의 ‘나홀로 약세’로 국내 물가부담은 더욱 무거워졌고 정부의 거시경제관리도 한층 힘들어지게 됐다.,2
3740, 고유가 고원자재가가 고환율과 어울어지면서 국내 물가는 폭발 직전이다.,2
3742, 수입가격이 크게 뛴 수입업체와 달러나 엔화 대출을 받은 기업들의 부담도 날로 가중되고 있고 해외여행이나 연수 유학을 계획중이거나 자녀의 유학송금을 보내야 하는 가정도 환율공포에 시달리고 있다.,2
3804, 독일의 인플레는 유가와 식료품 가격 상승에 힘입어 12년 이래 최고 수준에 근접하고 있다.,2
3920, 이 같은 상황에서 정부의 정책이 과연 효과를 거둘 수 있을까요(김현아 건설산업연구원 연구위원)?” 정부가 경기활성화를 위해 부동산 경기를 정책 수단으로 활용하고 부동산 가격이 급등하면 다시 수요 억제책을 내놓으면서 실수요자들만 갈팡질팡하고 있다.,2
4154,    미국의 5위 투자은행인 베어스턴스가 유동성 위기에 시달리다 장부가의 1.2% 수준인 주당 2달러에 JP모건체이스에 헐값 매각된 사건은 은행주에  대한  투자심리를 더욱 얼어붙게 했다.,2
4180, 경제 상황 자체도 좋지 않지만 더 흉흉한 것은 경제를 바라보는 국민들의 체감 지수다.,2
4358, 수출 대기업의 수익성 개선을 통한 투자 확대로 대내외 악재를 돌파하겠다는 이명박 정부의 경제운용으로 내수 기업과 서민의 어려움이 더욱 커진 셈이다.,2
4376,신용경색이 본격적으로 불거진 지난해 8월부터 지금까지 6만5000명이 감원됐다.,2
4382,지역별로는 경기가 빠르게 둔화하고 있는 미국에서 IB 일자리가 15% 줄어 유럽의 10%보다 IB 일자리 감소폭이 더 가파를 것으로 예상됐다.,2
4481, 미국발 금융위기와 국제원자재값 상승 등으로 수출 증가세와 내수 경기가 모두 둔화될 것이라는 우려 때문이다.,2
4484, LG경제연구원은 성장률 하락의 주된 요인으로 서브프라임 모기지 부실사태와 국제 원자재 가격 급등에 따른 수출증가세 둔화 구매력 약화와 수출 둔화로 인한 내수경기의 둔화를 꼽았다.,2
4714,충남지역 소비자들은 올해 1.4분기중 생활형편이 전분기보다 어려워졌고 앞으로의 형편도 나아지지 않을 것으로 예상한  것으로 나타났다.,2
4716,Consumer Survey Index)는 지난해 4.4분기 92에서 86으로 생활형편전망CSI는 98에서 93으로 모두 떨어졌다.,2
4881," 보고서는 """"3월초 이래 농산품 가격이 계속 하락세를 나타내고 있지만 2006년말 이후 지속된 식료품 가격의 상승세는 여전하다""""고 분석했다.",2
4882," 또한 보고서는 """"지난 1~2월의 폭설 피해가 곡물 등 식료품 가격에 미치는 영향이 향후 3개월간 계속될 것""""이라며 """"비(非)식품류의 가격도 원자재 가격이 상승하면서 가격 상승 압력이 확대될 것""""으로 전망했다.",2
4885,중국의 2월 CPI 상승률은 폭설 한파의 영향으로 식료품 및 원자재 가격이 급등하면서 11년만에 최고치인 8.7%를 기록했다.,2
4928,지난 주말 뉴욕 증시는 2월 소비지출 부진과 소비자심리지표 악화 등으로 하락세를 탔다.,2
4950," 미쓰비시 UFJ 자산운용의 이시카네 키요시 펀드매니저는 """"미국 소비가 악화되고 있음을 나타내는 지표들을 더 많이 보게 될 것""""이라며 """"미국 경제의 둔화가 예상했던 것보다 길어질 가능성이 매우 높다""""고 분석했다.",2
5079,버냉키 의장은 위축 가능성을 제시한 이유로 △ 주택건설 부진 지속 △ 실업률 증가 △ 소비 지출 부진 등을 꼽았다.,2
5228, 당초 전문가들은 3월 민간고용이 4만5000명 줄어들 것으로 예상했다.,2
5241,    뉴욕 애널리스트들은 주간 실업보험청구자수가 3만8천명이나 급증한  40만7천명을 나타내 노동시장 약화 우려가 부각됐다고 말했다.,2
5256, 고용지표 악화와 부정적인 실적 전망이 시장을 압박하고 있다.,2
5260,◇실업수당 청구↑ 노동시장 악화 계속지난주 미국의 신규실업수당 청구건수는 예상 밖의 증가세를 기록했다.,2
5261,노동부 집계에 따르면 지난주 신규실업수당 청구건수는 40만7000건으로 전주보다 3만8000건 증가했다.,2
5265,부동산 가격 하락과 신용시장 불안에 따른 경기 후퇴 움직임으로 기업들의 감원 행렬이 이어지고 있다.,2
5266, 이는 월급 생활자의 소득 감소로 이어져 전반적인 소비 둔화로 연결되고 있다.,2
5269, 직전월인 2월 신규 실업자수는 5년래 최다인 6만3000명을 기록했다.,2
5300, 중국은 지난 2월 폭설 대란 등의 영향으로 식료품 및 원자재 가격이 급등 CPI 상승률이 12년여만에 최고치인 8.7%를 기록했으며 1월에도 7.1% 올랐다.,2
5301, 공상은행은 “중국의 최근 물가불안은 글로벌시장의 식품 및 에너지가격 상승과 국내부문의 수요증가에 따른 비용증가에 기인한다”며 “전세계적인 쌀과 밀 등 곡물가격의 상승랠리가 중국정부의 물가억제 노력을 무력화시키고 있다”고 진단했다.,2
5343,가계부문의 신용위험도 계속 높은 수준을 지속할 전망이다.,2
5371, 향후 경기를 부정적으로 보는 소비자들은 크게 늘었고 국책연구소는 '경기 둔화'란 단어를 처음으로 사용했다.,2
5372,7일 통계청이 내놓은 '3월 소비자전망조사 결과'에 따르면 소비자기대지수는 전달보다 3.4포인트 하락한 99.7을 나타냈다.,2
5373,기대지수는 2개월 연속 하락하면서 기준치인 100 이하로 떨어졌다.,2
5374, 기대지수가 100 아래로 떨어진 것은 지난해 3월(97.8)이후 1년만에 처음이다.,2
5375, 기대지수가 기준치 100을 밑돌면 향후 6개월 후의 경기·생활형편·소비에 대해 현재보다 부정적으로 보는 소비자들이 긍정적으로 보는 소비자들보다 많다는 의미다.,2
5376,경기기대지수는 전달보다 8.0포인트 낮아진 92.1로 조사됐다.,2
5377, 생활형편지수도 전달보다 2.2포인트 낮아진 99.2를 나타내 모두 기준치인 100을 밑돌았다.,2
5379,실물경기 둔화 조짐이 뚜렷한 가운데 향후 경기에 대한 소비자들의 전망도 부정적으로 변해 향후 경기를 낙관하기가 더욱 어려워졌다.,2
5385, 향후 경기 전망이 어두워진 것은 물가 상승 금융시장 불안 등이 소비자 심리에 반영됐기 때문으로 보인다.,2
5410, 하지만 지난 3월에만 8만명의 근로자들이 일자리를 잃는 등 미 고용시장이 악화되고 있는것으로 나타나고 연방준비제도이사회(FRB) 벤 버냉키 의장이 경기침체를 인정하면서 달러화 가치는 다시 유로화에 대해 다시 하락하는 등 여전히 불안한 모습을 보이고 있다.,2
5441,  신용경색과 미국 금융주 낙폭 확대로 냉각됐던 투자심리 해빙무드의 분위기 메이커는 금융주라고 볼 수 있고 국내 내수관련 지표는 최근 하락세를 나타내고 있지만 대외 수출은 견조한 증가세를 나타내고 있기 때문이다.,2
5458, 먼저 환율을 올리는 경기부양정책을 사용할 경우 원유 가격과 원자재 가격 상승 때문에 오르고 있는 물가와 부동산 가격이 더욱 오를 것이 우려된다.,2
5460, 결국 국민들의 생활이 어려워지는 것이다.,2
5462,또 다른 문제점은 지금 환율을 인상해도 내수경기를 부양시키기 어렵다는 점이다.,2
5490, 강성 노조가 존재하고 있는 상황에서 노사합의가 쉽지 않을 뿐 아니라 단기간에 노사문화를 바꾸기도 어렵기 때문이다.,2
5491, 특히 물가가 오르고 있는 지금과 같은 상황에서 임금 인상을 억제하기란 쉽지가 않다.,2
5499, 부동산 가격 상승으로 그 이후 지금까지 재산소득 양극화를 진전시켰기 때문이다.,2
5526, 이날 통계청이 발표한 2월 중 전년동월 대비 소매판매액 증가율은 7.2%로 전월(9.7%)보다 증가세가 둔화됐으며 설비투자 추계는 1.9% 감소했다.,2
5593,  국내 기업들의 자금 기근현상이 경영진의 모럴헤저드로 인한 횡령 및 배임사건으로 이어지고 또 이는 다시 투자기피현상으로 연결되는 등 악순환이 거듭되고 있다는 분석이다.,2
5747,     '최근 국제 금융시장 신용경색이 당신의 일상에 영향을 미쳤다면 그 충격은  어느 정도인가'라는 질문에서 '상당히 또는 보통의 수준의 악영향을 미쳤다'는 응답은 이탈리아 스페인 미국 프랑스 영국 독일 순으로 높았다.,2
5823, 지난 11일 제너럴일렉트릭(GE)의 분기 순익 감소 발표에 따른 기업실적 악화 우려로 뉴욕 증시가 급락하자 투자심리가 얼어붙었다.,2
6000,국제 쌀 가격이 수직 상승하면서 쌀을 주식으로 하는 아시아와 아프리카 30억 인구를 공포로 몰아넣고 있다.,2
6002,▶국제 쌀값 t당 1000달러 돌파=17일 현물시장에서 거래된 쌀 가격은 사상 처음으로 ｔ당 1000달러를 돌파했고 시카고 선물시장에서는 100파운드당 23.3달러를 기록해 나란히 사상 최고치를 경신했다고 영국 파이낸셜타임스(FT)가 보도했다.,2
6003,불과 1년 전만 해도 ｔ당 300달러대에 살 수 있었던 쌀이 이제 당시 가격의 세 배를 얹어줘도 구할 수 없는 품귀 곡물이 돼버린 것이다.,2
6019,"그는 """"세계경제 성장률이 낮아지고 있고 곡물가는 뛰고 있다""""며 """"대내적으로도 소비와 투자가 부진하고 고용사정도 악화되는 등 여건은 6% 성장을 달성하기 어려워졌다""""며 이 같이 밝혔다.",2
6031, 특히 지난해 7월부터 주 5일제 근무가 50명 이상 고용업체로 확대되면서 노동투입량이 감소했다는 게 지경부의 설명이다.,2
6299,"강 장관은 """"경기와 관련된 모든 지수들이 악화되고 있다""""며 """"특히 신규 취업자 수가 지난 3월 18만명대로 줄었고 설비투자는 마이너스로 돌아섰다""""고 우려했다.",2
6308,아울러 최근 취업자 수 증가폭이 크게 둔화하는 등 고용부진이 지속하고 있는 것과 관련 기업들이 비정규직 고용에 소극적인 자세를 견지하고 있는 것도 요인으로 작용하고 있다고 지적했다.,2
6322,"    박종연 우리투자증권 채권애널리스트는 """"기저효과로  전년동기비 성장률은 높게나왔지만 전기 대비 성장률이 크게 낮아지면서 성장 모멘텀이 꺾인 것이 확연하게 드러났다""""며 """"고유가로 교역조건이 악화되면서 국내총소득이 감소함에 따라  향후에도 내수 쪽에 부담이 커져 하반기로 갈수록 경제지표 둔화가 더욱 심할 것으로 보인다""""고 내다봤다.",2
6391,"금융연구원은 하향 조정 배경에 대해 """"올해 세계경제 성장률이 하락함으로써 수출증가세가 둔화되고 내수도 부진할 것으로 예상되기 때문""""이라고 설명했다.",2
6471,하지만 올해 1.4분기 누적 경상수지 적자는 51억6000만달러로 전년 동기 16억6000만달러에 비해 아직도 큰 것으로 나타나 경제성장률이 낮아지고 고용 등에도 부정적인 영향을 미칠 수 것으로 보인다.,2
6486, 환율이 치솟은데다 국민들의 소비심리가 위축되면서 해외로 나가려는 수요가 줄어든데 따른 것이다.,2
6497,"    FOMC는 성명서에서 """"가계와 기업 지출이 줄어들고 노동시장도 더 악화돼  왔다""""면서 """"금융시장도 여전히 상당한 중압감과 신용조건이 엄격한 상황에 처해있고 주택시장의 위축심화는 다음 몇 분기에 걸쳐 경제성장에 부담을 줄 수 가능성이 있다""""고 지적했다.",2
6621,4월 미국 비농업부문 고용자수는 2만명 감소한 것으로 2일 집계됐다.,2
6698, 에너지 식품 가격 상승으로 인한 물가 부담에 미국 경제의 70%를 차지하는 소비도 뒷걸음질치고 있다.,2
6737, IIF는 이어 식료품 가격 급등을 아시아 국가들이 직면한 최대의 위협이라고 평가했다.,2
6738," """"일부 국가들이 쌀 수출을 제한함으로써 수급 상황을 왜곡시키고 식료품 가격의 인플레를 고조시키고 있다""""는 설명이다.",2
6833, 여기에 중국증시가 3% 이상 급락한 것도 투자 심리를 위축시켰다.,2
6966, 미국은 오랜 주택경기 부진과 심각한 신용위기 그리고 에너지 가격 급등으로 경기침체에 빠져들었다.,2
6982,  이 총재는 또 “국제 원유 가격이 계속 상승해왔고 원ㆍ달러 환율도 계속 오르고 있어 앞으로 몇달간 소비자물가 상승률이 목표 상한선을 웃돌 것”이라고 말했다.,2
7017, 신 실장은 이어 “(환율 상승이) 수출 대기업 상황을 호전시킬 수 있지만 내수 기업 위축을 불러올 수 있다는 점도 문제”라고 지적했다.,2
7374,"    카라술루 소장은 """"최근 한국의 내수부진도 인플레이션과 연관시켜 볼 수  있다""""면서 """"인플레이션이 가계에 상당한 압박을 가하고 있는 것이 내수부진의 또 다른 원인""""이라고 평가했다.",2
7375,"    그는 부동산 담보대출 증가와 관련 """"한국의 가계부채 수준이 미국과 비슷한 수준을 보이고 있는 것도 앞으로 2년간 한국경제에 중차대한 위험요인으로 작용할 수 있다""""고 지적했다.",2
7390,- 삼성硏 소비자태도지수 2분기째 하락.,2
7394,"""""물가불안"""" 가장 큰 이유 물가 불안 공포에 국내 가계에서 느끼는 체감경기가 급랭하고 있다.",2
7396, 15일 삼성경제연구소가 전국 1000가구를 대상으로 실시한 소비자태도조사에 따르면 2분기 소비자태도지수는 47.8로 전분기 51.1에서 크게 하락했다.,2
7399, 이같은 소비자태도지수 하락은 전소득계층에서 고루 나타났는데 특히 소득수준이 높을수록 하락폭이 컸다.,2
7401, 지수 구성 항목별로는 현재 생활형편지수가 46.8에서 46.0으로 소폭 악화됐고 현 경기판단지수도 36.0에서 35.6으로 소폭 낮아진 반면 미래 생활형편과 경기예상지수는 각각 57.8과 65.2에서 54.1과 55.7로 큰 폭 하락했다.,2
7547,GDP도 한계단 떨어져 13위…러시아에 뒤져우리나라의 1인당 국민총소득(GNI)이 전년 대비 두 계단이나 하락해 50위권 밖으로 밀려났다.,2
7550, 우리나라의 1인당 GNI 순위는 2004년 50위에서 2005년 49위로 상승했다가 2006년 다시 51위로 처졌다.,2
7865, 소비와 투자의 감소는 결국 경제성장률 둔화로 이어지게 된다.,2
7907,난달 소비자물가가 3년 8개월만에 최고치인 4.1%를 기록하는 등 물가가 고공행진을 거듭하고 있는 가운데 가계소득 증가율은 둔화돼 가계의 주름살이 깊어지고 있다.,2
7908, 이와 함께 고소득층과 저소득층의 소득 분배는 개선되지 않고 점점 악화되고 있는 것으로 조사됐다.,2
7910, 지난해 1/4분기 월평균 명목소득(327만3700원) 증가율이 3.3%인 것을 감안하면 가계소득 증가율이 점점 커지고 있는 것.,2
7912, 지난해 1/4분기의 월평균 실질소득(314만 1200원) 증가율이 4.0% 인 것을 감안하면 거의 1/4 수준으로 급감한 것이다.,2
7913, 특히 처분가능소득에서 소비지출하고 남은 흑자액이 53만8200원으로 전년동기대비 1.6% 감소했고 흑자액에서 처분가능소득을 나눠 백분율한 흑자율도 18.2로 1% 감소했다.,2
7915, 이같이 실질소득이 감소하고 소비지출이 커지는 이유는 국제 원유가 및 원자재 값 상승으로 촉발된 비용측면의 물가상승이 경제 전반으로 펴지면서 가계 지출의 부담으로 직결되고 있기 때문인 것으로 분석된다.,2
7916, 또 세계경제가 둔화되고 우리 경기가 하강 국면에 진입한 것도 가계수지에는 부정적인 영향을 미칠 수밖에 없다.,2
7917," 기획재정부는 """"소득은 증가함에도 불구하고 물가상승으로 인해 가계지출 부담이 증가한 것이 주요 요인""""이라면서 특히 """"광열수도비 식료품비 교통비 등 필수적 지출의 비중이 높은 서민층의 가계지출 부담이 크게 증가했다""""고 밝혔다.",2
7919,소비자물가가 향후 4%대를 계속 유지할 경우 실질 가계 소득은 줄어들 수 밖에 없다는 뜻으로 가계 재정에 주름살이 커질 것이라는 것이다.,2
7920, 한편 소득으로 나눈 계층의 분배 상황은 갈수록 악화되는 것으로 나타났다.,2
7921, 전국 가구 중 상위 20%의 평균소득을 하위 20%의 가구의 평균소득으로 나눈 소득 5분위 배율은 지난해 7.28을 기록해 2006년 7.01에 비해 크게 늘었다.,2
7922, 이는 고소득층과 저소득층 간의 분배 개선이 이뤄지지 못하고 있는 것이다.,2
7957,하지만 물가가 많이 올라서 실질소득 증가는 1.2%밖에 되지 않고 소비 역시 연료비 개인교통비 등의 지출이 많이 증가했기 때문으로 분석돼 '살림살이 지수'가 좋은 상황은 아니었다.,2
7965,최근 장기적인 경기침체에다 유가마저 고공행진을 계속하면서 서민들의 가계가 급속도로 붕괴되고 있다.,2
7970, 서민들이 주 고객이었던 이들 가게는 물가가 치솟으면서 서민들의 외식이나 소비가 줄어 임대료 등 부대비용을 맞추지 못해 폐업을 선택하고 있는 것이다.,2
7977, ■개인 파산신청 급증  ‘경제적 사망선고’로 인식되는 개인 파산신청이 급증하고 있다.,2
7978, 26일 대법원에 따르면 ??지난 2005년 3만8873건이던 개인 파산신청이 2006년 12만3691건으로 급증한 데 이어 지난해에는 15만4039으로 늘었다.,2
8040,"    최 차관은 """"소규모 개방경제인 한국에서 외채가 늘고 경상수지가 적자를 보이는것은 경계해야 할 부분이지만 환율 상승에 따른 서민생활의 어려움은 더  문제""""라면서 """"정부는 이 두 가지 부분을 어떻게 조화해 나가야할지 고민하고 있다""""고 언급했다    ▲美달러 기존 주택재고 23년래 최고 하락= 미국 달러화는 23일 뉴욕환시에서 지난 4월 기존 주택재고가 23년 만에 최고치를 경신한 영향으로 엔화와 유로화에 하락했다.",2
8116, 그는 “올해 미국의 실업률은 1.3%까지 상승할 것으로 보이는데다 소비증가 기업이익 성장도 둔화되고 있지만 이는 미국이 지난 40여년간 7차례 겪었던 리세션(경기후퇴)과는 상당히 다른 경제 상황”이라고 진단했다.,2
8146, 반면 여전히 유가의 상승세가 멈추지 않고 있는데다 다음날 미국에서 4월 신규주택매매지표를 발표하는 등 월말을 맞아 굵직한 경제지표 발표가 많은 점이 투자 심리를 위축시키는 요인으로 풀이된다.,2
8167,  미국의 1분기 주택 가격 하락이 역대 최대였다는 'S&P/케이스 실러주택지수'의 발표에 심각한 소비 부진이 불가피하다는 우려가 나오기도 했다.,2
8211, 주택시장 침체와 갤런당 4달러에 근접한 휘발유가격 취업난 등 여러가지 부정적 요인이 복합적으로 작용하면서 소비자신뢰지수를 떨어뜨린 것으로 분석된다.,2
8215, 미국 경기침체와 치솟는 국제유가에 따라 미국의 에너지 소비가 감소하고 있다는 전망이 반영됐다.,2
8237, 고유가에 따른 물가상승으로 소비경기가 위축될 것으로 예상되면서 국내외 기관이 모두 유통주에 대한 부정적인 시각을 내놓고 있다.,2
8249, 이들 관련 종목에 대한 눈높이를 낮춘 공통된 이유는 소비경기 둔화로 인한 이익마진 하락이다.,2
8336,소비자물가와 무역수지 등 베트남의 주요 경제지표들이 이달 들어 더 악화된 것으로 드러나면서 위기설이 현실화되는 것 아니냐는 우려가 커지고 있다.,2
8342,이에 따라 베트남에선 물가 급등에 항의하는 근로자들의 파업 사태가 줄을 잇고 있다.,2
8368, 이날 발표된 미국의 5월 소비자신뢰지수가 16년 만에 최저 수준을 기록하면서 소비자들의 에너지 소비가 감소할 것이란 전망이 유가 하락에 힘을 실었다.,2
8369, 미국민의 소비심리를 가늠할 수 있는 주요지표가 16년래 최악의 결과를 나타냄에 따라 얼어붙은 소비심리가 좀처럼 되살아나지 못할 것으로 풀이됐기 때문이다.,2
8378,"    러지어 의장은 """"2008년 1.4분기는 미국 경제에 좋은 시기가 아니었다""""면서도  """"미국 경제는 여전히 느린 속도로 성장하고 있으며 한가지 좋은 점은 실업률이 5%로 낮은 수준을 유지하고 있다는 것""""이라고 말했다.",2
8400,유가·식품가격 급등에 각국 긴축정책 등 안간힘베트남 이달 25% 상승 전망… 亞·남미 직격탄미국·유럽서도 소비심리 냉각… 세계경제 위축전 세계가 인플레와의 전쟁을 치르고 있다.,2
8401, 동남아시아와 남미 등 신흥경제 국가에서는 두 자릿수의 기록적 물가상승률에 국민들의 불만이 치솟고 있고 선진국에서도 소비심리가 최악으로 얼어붙었다.,2
8421, 미국 컨퍼런스 보드의 소비자 신뢰지수는 지난달의 62.8에서 57.2로 떨어졌다.,2
8425, 같은 날 발표된 프랑스의 재계경기신뢰지수와 독일의 소비자신뢰지수도 전문가들의 예상을 밑돌며 인플레이션에 따른 세계적 경제 위축 우려가 전반에 걸쳐 퍼져있다는 것을 드러냈다.,2
8429,계청 '경제활동인구 부가조사'…비정규직 고용사정 더 악화고용안정 가장 취약 비전형 근로자 3.8% 늘고임금 비율은 정규직 대비 전년보다 3.6%P 줄어기업들 채용 기피 부추겨 일자리 찾기도 어려워지난해 7월 비정규직보호법 시행 이후 비정규직의 처우가 더 열악해진 것으로 나타났다.,2
8430, 전체 비정규직 규모는 줄었지만 비정규직 내에서도 상대적으로 처우가 열악한 시간제ㆍ비전형 근로자는 오히려 늘어났고 비정규직 근로자의 임금도 오히려 감소했다.,2
8432, 통계청이 29일 발표한 ‘경제활동인구 부가조사(근로형태별)’에 따르면 지난 3월 현재 비정규직 근로자는 563만8000명으로 지난해 같은 달보다 2.3%(13만5000명) 줄었다.,2
8436, 하지만 세부적으로 살펴보면 비정규직보호법이 오히려 비정규직의 고용사정을 악화시킨 것으로 나타났다.,2
8437, 우선 시간제ㆍ비전형 등 상대적으로 처우가 열악한 근로자는 오히려 늘어났다.,2
8439, 하지만 일일(단기)근로나 파견ㆍ용역 등 비정규직 중에서도 고용안정성이 가장 취약한 비전형 근로자는 233만명으로 1년 전에 비해 3.8% 증가했다.,2
8441, 종사상 지위별로 살펴봐도 비정규직 내 양극화 현상이 뚜렷했다.,2
8442, 비정규직 중 근로계약기간이 1년 이상이거나 임금ㆍ퇴직금 등에서 정규직과 비슷한 수준의 대우를 받는 상용근로자는 159만6000명으로 1년 전에 비해 20만9000명 감소했다.,2
8443, 하지만 계약기간이 1년 미만인 임시직은 무려 16.7% 증가한 227만5000명으로 나타났다.,2
8445, 또 전체 비정규직 근로자는 줄었지만 처우가 열악한 일자리는 늘면서 비정규직 임금도 오히려 감소했다.,2
8448, 반면 비정규직은 127만2000원으로 오히려 0.1% 감소했다.,2
8449, 비정규직의 정규직 대비 임금 비율도 60.5%로 지난해의 64.1%에 비해 3.6%포인트 줄었다.,2
8450, 비정규직과 정규직 간 임금격차가 더욱 커지고 있다는 뜻이다.,2
8451, 비정규직 중 기간제는 임금이 6.6% 비전형은 9.6% 늘었지만 비기간제는 15.6%나 감소해 전반적인 임금하락을 이끌었다.,2
8558,소비자들이 자주 구입하는 품목으로 구성된 생활물가지수도 전년동월에 비해 5.9%나 오르면서 지난 2004년 8월 6.7%를 기록한 이후 최고치를 나타냈다.,2
8581,    - 기대 인플레이션 확산 조짐     (서울=연합인포맥스) 신경원 기자= 이명박 대통령이 취임한 지 100일 째 서민들은 가파르게 오르는 물가에 고통받고 있다.,2
8582,    새정부의 고환율 정책의 고수는 급등 행진을 거듭한 국제유가와 국제 곡물가격의충격을 고스란히 서민 몫으로 전가시키는데 가속기 역할을 했다.,2
8585,    서민들이 실생활에서 느끼는 고통은 더 큰 것으로 나타났다.,2
8590, 부담없이 먹던 1천원짜리 야채김밥은 한 줄은 1천500원으로50%나 치솟는 등 물가 급등의 그림자가 서민생활을 압박하고 있다.,2
8594,"       취업준비생인 박윤미씨(26)는 """"음식점들마다 전 메뉴를 일괄적으로 올리면서 물가상승을 실감했다""""며 """"재료값이 오르지 않은 품목도 가격을 올려 생활비가 부담이 된다""""고 말했다.",2
8597,    인플레이션에 대한 기대심리가 확산되면서 임금 상승을 요구하는 목소리가 커지는 부작용도 나타나고 있다.,2
8606, S&P의 월가 투자은행 신용등급 하향에 한방 얻어맞은 투자자들은 충격이 채 가시기도 전에 버냉키 의장의 입에 온신경을 쏟을 수 밖에 없다.,2
8624,  부채담보부증권(CDO)을 비롯한 여러 구조화상품을 엄청나게 높은 가격에 발행해 투자자 및 자신들에게 막대한 손실을 끼쳐 만신창이가 된 투자은행들은 오래전 등급이 떨어졌어야했다.,2
8781,프라이팬 시위'까지 벌어지면서 갈등이 좀처럼 해소될 기미를 보이지 않고 있다.,2
8782,    아르헨티나는 주요 곡물생산국가의 하나라는 점에서 농업 부문 파업이 장기화될 경우 페르난데스 대통령 정부의 국정운영 기반을 크게 위협하는 것은 물론 곡물  수출량 감소로 인해 세계 식량위기를 가중하는 요인이 될 것으로 우려되고 있다.,2
8866,홍콩에선 글로벌 투자은행(IB)을 중심으로 금융부문 전문인력 감원이 잇따르고 있다.,2
8867,특히 레버리지(자금 차입)가 많은 채권 투자 부문의 인력 감축이 심하다.,2
8872,씨티그룹 홍콩지사는 한국 관련 채권 투자 담당 인력을 전원 해고했고골드만삭스도 조만간 인력을 감축할 계획으로 전해졌다.,2
8875,일자리가 줄어들자 현지 연봉도 감소하는 추세다.,2
8975,서비스물가로 확산 본격화 지난달 생산자물가가 외환위기 이후 처음으로 두자릿수 상승률을 기록했다.,2
8976, 원자재 가격과 환율이 동시에 오르며 공산품 가격이 석달연속 10%대 상승세를 지속했고 서비스물가 상승률은 10년5개월만에 전월비 1% 이상 급등하며 물가파동이 확산되는 양상을 보였다.,2
9039, 기업 및 가계에 대한 대출 증가세가 이어진 것이 시중 유동성을 늘린 것으로 분석됐다.,2
9048,사진:이코노미21[이코노미21] 서민들 ‘신 보릿고개’에 신음일을 할수록 적자 누적…생계형 소상인 등 하루하루 시름만 깊어져“보릿고개 때에도 지금처럼 막연하진 않았다.,2
9056, 파는 그릇 수는 같은데 재료비가 너무 많이 올라 오히려 팔면 팔수록 적자가 커진다”면서 “정말 이래가지고는 먹고 살 길이 없다.,2
9058,그는 이어 “밀가루 값 오르고 식재료 값 줄줄이 올랐다.,2
9067, 최근 미국산 쇠고기 파동과 조류 인플루엔자(Avian Influenza) 때문에 돼지고기 수요가 급증하면서 돼지고기 값도 천정부지로 올랐기 때문이다.,2
9086,택시기사 등 생계 위협 받는다이렇듯 서민 경제는 지금 고사(枯死) 직전에 달하고 있다.,2
9090,소비지출 항목은 유가 상승의 여파로 연료비·전기료 등 광열·수도비 지출이 지난해 같은 기간에 비해 무려 14.6% 늘어났고 차량용 연료비를 포함하는 개인교통비 지출 역시 10.8% 증가했다.,2
9091,앞의 통계가 평균치를 나타내는 것이라 평균 아래의 서민들의 생활과는 조금 거리가 있지만 통계치만 따지더라도 소비지출의 증가로 가계의 운영이 힘들어지고 있다는 것을 알 수 있다.,2
9092, 이는 실질적으로 통계 평균에 못 미치는 서민들의 생활에는 더욱 튼 어려움을 주고 있다.,2
9128,"투자가 둔화했지만 급속히 식는 것은 아니기 때문에 기존 흐름을 따라가느냐 아니면 물가가 추가로 상승할 요인이 발생하느냐등을 보면서 운용할 수밖에 없다""""고 말했다.",2
9190,    핌코 상무는 또 미국인들의 생활수준이 떨어졌고 이런 추세는 주택시장이 회복돼야만 반전할 것이라고 지적했다.,2
9192,    맥컬리 상무는 또 유가상승의 한 원인인 달러 약세가 거의 막바지 국면에 도달했지만 미국 국민들은 앞으로 계속 (유가상승으로 인한) 고통을 느끼게 될 것으로 전망했다.,2
9250,    성장은 소비 투자 등 내수부분의 증가세가 약화되고 있으나 수출이 꾸준한 신장세를 보임에 따라 성장둔화 압력이 아직까지는 완만하게 나타나고 있는 상황으로 평가됐다.,2
9251,"    한은은 """"경상수지는 수출호조로 상품수지가 흑자를 보이고 있지만 서비스수지와소득수지가 적자를 나타냄에 따라 적자를 지속하고 있다""""고 언급했다.",2
9252,"    한은은 """"세계 경제와 주요 가격변수에 대한 모니터링을 통해 경기상황을 면밀히점검하는 동시에 물가급등으로 내수부진이 심화되는 가운데 인플레이션  기대심리가확산하지 않도록 경제정책을 운용할 필요가 있다""""고 밝혔다.",2
9255, 일본 증시가 강보합권으로 후퇴하는 등 상승세가 꺾인 데다 중국 증시 개장을 전후로 불안 심리가 더해지고 있는 것으로 풀이된다.,2
9259," 김 연구원은 이어 """"특히 조선과 해운 같은 업종은 인플레이션 시대에도 살아남을 수 있는냐가 관건었는데 최근 유가 급등으로 인한 손실 우려에도 불구 BDI 지수가 고공행진을 벌인데 따른 기대감이 낙폭을 제한했다가 BDI지수마저 꺾이자 투자심리가 얼어붙고 있다""""고 분석했다.",2
9261, 화물연대의 파업 소식도 단기적인 악재로 작용하는 분위기다.,2
9306,기업 실적 악화에 대한 불안감이 확산되면서 투자심리가 얼어붙었다.,2
9311,유가와 고환율이 지속되면서 지난 5월 원자재 수입물가가 28년 만에 최고인 83.6%(전년 동월 대비) 올랐다.,2
9314,13일 한국은행에 따르면 원유 곡물 등 원자재 수입물가는 올 들어 매달 큰 폭으로 치솟고 있다.,2
9315,지난 1월 48.7%였던 상승률이 2월 49.4%3월 56.4%4월 58.5%5월 83.6%로 상승세가 점점 가팔라지는 추세다.,2
9316,5월 상승률은 관련 통계를 작성한 1980년 1월 이후 28년 만에 가장 높은 것이다.,2
9317,"한은 관계자는 """"요즘 물가 상승률은 우리도 놀랄 만큼 예상치를 뛰어넘고 있다""""고 말했다.",2
9431,특히 인플레이션이 가져오는 경제적 해악은 불평등 심화인데 최근 부의 불균형 문제가 심각한 이슈가 되고 있으며 과거 천안문 사태의 원인도 단호한 긴축과 도시 중산층의 반발이었다는 설명이다.,2
9432,"김 연구원은 """"화물연대의 파업 등 생계형 파업 역시 한국에서만 나타나는 현상이 아닌 글로벌한 현상""""이라며 """"경제주체들이 불편을 감내해야 하고 일부 계층에서는 생존 문제가 될 수 있는 상황""""이라고 지적했다.",2
9545, 연말 또는 내년초 인상 한목소리국제유가 고공행진으로 원자재 가격이 상승하면서 이달 소비자물가 5% 돌파가 확실시되고 있는 가운데 하반기 물가로 인해 서민들이 피부에 와닿는 고통은 더욱 커질 것으로 보인다.,2
9556,"반면 임시정 현대경제연구소 연구원은 """"소비가 있어야 시장이 돌아가는데 소비심리가 굳어서 하반기 스테그플레이션 피하기 어려울 것""""이라며 """"수출이 잘된다고 하더라도 수입이 적자를 까먹고 있어서 문제""""라고 상반된 전망을 제시했다.",2
9573,주택담보대출이 크게 늘면서 가계대출 잔액이 큰 폭으로 증가했습니다.,2
9574,   한국은행은 4월 말 예금 취급기관의 가계대출 잔액이 485조 3066억원으로 3월 말에 비해 4조 8884억원 늘었다고 밝혔습니다.,2
9575,   이 가운데 주택담보대출은 2조 3393억원이나 늘어 2006년 12월 3조 천억원 증가 이후 가장 많이 증가해 전체 가계 대출 증가세를 주도했습니다.,2
9603,  전기요금도 다음달 1일부터 4.7% 인상될 예정이다.,2
9604, 미국에 이어 세계 2위 석유 소비국인 중국의 이번 에너지 가격 인상폭은 최근 4년동안 가장 큰 것이다.,2
9622,"  메릴린치의 글로벌 상품 리서치를 책임지고 있는 프랜시스코 블랜치 대표는 """"이번 조치로 세계에서 가장 소비가 빠르게 증가하고 있는 중국의 소비 증가율이 1.5%로 줄어들 것""""이라고 말했다.",2
9773,10년간 10%p 감소… 7%p는 빈곤층 추락 3%p는 상류층 이동]- 중산층 비중 1996년 68.5%서 2006년 58.5%-'소득분배지표' 5분위배율 4.49→7.02 악화 외환위기 이후 중산층에서 빈곤층으로의 추락이 이어지면서 중산층 규모가 지속적으로 감소하고 있는 것으로 나타났다.,2
9776,  특히 지난 10년간 중산층에서 상류층으로 이동한 가구는 3%포인트에 그친 반면 중산층에서 빈곤층으로 전락한 가구는 7%포인트나 되는 것으로 조사됐다.,2
9779,  그러나 저소득층(하위 20%)은 소득점유율이 1996년 7.9%에서 2000년 6.2% 2006년 5.7%로 지속적인 하락추세를 보여 외환위기 이후 경제회복의 혜택을 받지 못하고 있는 것으로 파악됐다.,2
9780,  중위소득 50% 미만을 뜻하는 빈곤층은 가처분소득 기준으로 1996년 11.3%에서 2006년 17.9%로 급증해 '경제양극화'가 심해지고 있는 것으로 확인됐다.,2
9781,  소득분배지표인 5분위배율의 경우도 가처분소득 기준 1996년에는 4.49에 불과했으나 2000년 6.79 2006년 7.**로 소득불평등도가 높아졌다.,2
9785,"   유경준 KDI 선임연구위원은 """"이는 자영업자 및 무직자 가구의 소득분배가 이전보다 더 악화되고 있음을 간접적으로 나타내는 것""""이라고 분석했다.",2
9825,美소비 둔화 부담- 中하락출발후 반등.,2
9836, 전날 뉴욕증시는 미국의 소비심리가 16년래 최저 수준으로 꽁꽁 얼어붙은데다 20개 대도시의 주택가격이 사상 최대 하락률을 보이자 경기후퇴 우려가 확산되며 하락 마감했다.,2
9852,"한은 """"3분기 이후 소비심리 더 위축될 듯"""" 물가 급등에다 고용 부진까지 겹치면서 소비자들의 심리가 바짝 얼어붙고 있다.",2
9854,  한국은행이 전국 30개 도시 2천374가구를 대상으로 조사해 25일 발표한 2분기 소비자동향조사 결과에 따르면 소비자 심리지수가 지난 분기에 비해 19포인트나 하락한 86를 기록했다.,2
9856,19 포인트라는 하락 폭도 외환위기 때인 1997년 3분기에서 4분기로 넘어가며 24포인트 떨어진 이후 가장 큰 규모이다.,2
9860, 구체적으로 생활형편지수가 1분기 81에서 2분기 67로 14포인트 하락하면서 2004년 4분기의 67과 동일한 수준을 보였다.,2
9861, 생활형편 전망지수는 72로 역시 외환위기였던 98년 3분기의 57 이후 사상 최저치다.,2
9862, 가계수입전망지수와 소비지출전망지수도 지난 분기보다 각각 11포인트씩 하락한 87과 102를 나타냈다.,2
9863,현재경기판단 지수는 지난 분기보다 26포인트나 떨어진 40을 나타냈고 향후경기전망 지수는 44포인트 급락한 52를 기록했다.,2
9864, 현재와 미래 경기를 모두 부정적으로 보는 소비자들도 크게 증가했음을 뜻한다.,2
9918,이처럼 시장이 안좋은 데에는 달러약세와 고유가  소비침체 등이 겹친 데 따른 것으로 풀이돼.,2
9923, 휴대폰 수요 감소 전망에 따른 관련주의 하락세도 투자심리에 부정적인 영향을 미치고 있다.,2
9952, 그러나 이같이 높은 소득 증가세는 일시적인 현상에 그칠 것이라는 지적이 많다.,2
9955,  ◇美 6월 소비심리 28년래 `최악`미국의 소비심리가 유가 고공행진 주택가격 하락 고용 부진 등의 여파로 28년래 최악의 상황에 직면한 것으로 나타났다.,2
9956, 6월 미시간대학 소비자신뢰지수는 전월의 59.6에서 56.4로 떨어져 지난 1980년 이후 최저치를 기록했다.,2
10028, 5월 금융통화위원회 이후 통화정책 방향이 당초 예상했던 경로와는 사뭇 다르게 진행되면서 받았던 실망감이 6월에는 실질적인 물가상승 압력의 현재화라는 경로를 통해 투자심리에 부정적인 영향을 미쳤다.,2
10247,유로존의 6월 인플레이션이 에너지와 식료품 가격 급등 영향으로 연4%로 치솟아 지난 1996년 유로화 도입 이후 최고치를 기록한 점도 금리인상 가능성을 뒷받침하고 있습니다.,2
10250,유로존 경제가 이미 물가 급등으로 기업과 가계의 소비가 위축되고 유로화 강세에 따른 수출경쟁력 상실로 일부 국가들의 경기는 빨간 불이 커졌습니다.,2
10264,"브로튼 회장은 이와 관련 """"항공사 노조들은 외국 자본의 투자를 받는 것보다 재정적 어려움으로 인해 M&A를 당할 경우 더 많은 노동자들이 해고될 것이라는 점을 알아야 한다""""고 지적했다.",2
10273,  민간소비는 실질구매력 저하 소비심리 위축 가계 채무부담 지속 등으로 하반기 2.7%의 낮은 증가세에 머물 것으로 전망했다.,2
10284, 한은은 “향후 우리경제는 수출호조와 내수부진 양상이 이어지는 가운데 국내 경기는 감속이 전망된다”면서 “수출은 견조한 신장세를 유지하는 반면 내수는 고유가에 따른 실질소득 증가세 둔화 기업환경의 불확실성 증대 등으로 소비·투자 심리가 더욱 위축됨에 따라 회복을 기대하기 어려운 상황”이라고 분석했다.,2
10304, 연구소는 내수가 부진한 상황에서 수출 둔화가 가세하는 경우 경기 하강 속도가 빨라질 수 있다고 밝혔다.,2
10324, 물가상승률은 지난해(2.5%)보다 크게 높은 4.5% 내외가 될 것으로 전망했다.,2
10325, 이는 3월에 내놓은 예상치 3.3%를 크게 웃돈다.,2
10329, 아울러 신규 취업자 증가폭도 기존 예상치인 35만명을 20만명 내외로 대폭 하향조정했다.,2
10333, 실제 유가ㆍ곡물 등 원자재 가격 급등 선진국 경제 위축 국제 금융시장 불안 등으로 소비자물가 상승률이 5%를 넘어섰고 소비ㆍ투자 등 내수가 침체돼 하반기 성장률이 3%대까지 떨어질 수 있다는 우려가 제기되는 등 한국경제는 현재 ‘스태그플레이션 위기’에 직면한 상태다.,2
10343, 이에따라 국민의 경제심리 불안과 물가상승 경상수지 악화 등으로 경기침체가 예상보다 빠르게 진행될 우려가 제기되고 있다.,2
10376, 가계 및 기업대출이 크게 늘어난 탓이다.,2
10402, 강 장관은 “대외여건의 악화는 대외교역을 통해 경제발전을 이룩한 우리경제에 어려움을 주고 있다”며 “5%가 넘는 물가상승률로 서민가계가 큰 고통을 받고 있다”고 말했다.,2
10403,그는 “소비 투자 등 내수가 급격히 위축되면서 투자는 마이너스로 변했다”며 “일자리도 18만개로 줄어들었다”고 덧붙였다.,2
10429,이 같은 금리 급등은 곧바로 이미 9%대로 급등한 주택담보대출 금리 등 시중금리 인상으로 이어지면서 은행 대출이 많은 서민들의 허리가 더욱 휠 것으로 우려된다.,2
10435," 이에 따라 은행권은 가계와 자영업자""""상인 등에 대한 대출을 줄여나가는 한편 건전성 관리에 중점을 둘 것으로 보여 서민 가계 및 중소기업 등의 돈줄까지 마를 것으로 우려되고 있다.",2
10492,    여기에 6월 민간부문 고용이 8만명 가까이 감소함에 따라 익일 발표될 노동부의비농업부문 고용 결과가 6개월 연속 감소하며 노동시장 약화를 확인할 것이라는  예상으로 달러화 약세분위기가 조성됐다고 이들은 덧붙였다.,2
10494,"    한 시장관계자는 """"노동시장 상황이 매우 악화된 듯하다""""며 """"익일 노동시장 추가약화가 확인된다면 유로화가 다음주 안에 1.6000달러를 돌파하게 될 것이다""""고 내다봤다.",2
10496,      ADP는 6월 미 민간 부문 고용이 7만9천명 이나 감소해 지난 2002년 11월 이래 최대폭으로 줄어들었다고 밝혔다.,2
10497,    6월 서비스 부문 고용은 3천명 줄어들어 2002년 11월 이래 최대폭으로 하락했다.,2
10508,        얼어붙은 투자심리로 인해 채권값도 연 이틀 급락했다.,2
10511,달러 환율 급등이 채권 투자자들의 심리를 크게 위축시킨 것으로 보인다.,2
10577,  하지만 투자가들의 불안 심리는 여전하다.,2
10579,  올들어 고용은 6개월 연속 감소하면서 43만8000개의 일자리가 사라졌다.,2
10581,주택시장은 침체국면에서 벗어나지 못하면서 미국 특유의 `현금자동입출금(ATM)` 기능을 상실한지 꽤 오래됐고 유가의 사상 최고가 행진은 서민들의 지갑을 점점 얇게 만들고 있다.,2
10587, 온통 미국 경제성장의 최대 동력인 소비를 옥죄는 요인들 투성이다.,2
10592,"커먼펀드의 수석 이코노미스트인 마이클 스트라우스는 """"경기침체가 지속될 가능성이 높다""""며 """"소비위축이 기업 수익성을 악화시키고 있고 그러한 악영향을 주식시장이 반영해 왔고 앞으로도 반영할 것""""이라고 지적했다.",2
10593," 리쿠르트업체 쉐리온의 사장인 로이 크라우스는 """"고용 지표가 예상치에 근접했지만 고유가의 파장이 채용 감소 요인으로 등장하고 있는 것은 확실하다""""고 지적했다.",2
10642, KDI는 “6월 중 국제 원자재 가격 상승 및 원·달러 환율 상승으로 공업제품 가격이 10.5% 급등하고 개인서비스 가격도 4.8% 오르는 등 소비자물가 상승세가 가속화되면서 전체적으로는 5.5%의 높은 상승률을 기록했다”고 설명했다.,2
10710,일 “고유가 식품가에 긴급조치 필요”=미국의 조지 부시 대통령과 후쿠다 야스오(福田康夫) 일본 총리는 개막 하루 전인 6일 정상회담을 갖고 “유가와 식품값 안정에 긴급조치가 필요하다”는 데 의견을 모았다.,2
10711, 이에 따라 G8 본 회의에서 지구촌 최대 이슈로 부상한 고유가와 식량가 폭등에 대해 구체적인 해법이 도출될 수 있을지 관심을 모으고 있다.,2
10716,회담에 참석하는 유럽 정상들도 고유가와 식료품 가격 급등에 대해 목소리를 높였다.,2
10738,◆쌈짓돈 '꽁꽁'…현금영수증 발급액 첫 감소고유가에다 가파르게 상승하는 물가 탓에 서민들이 '쌈짓돈' 사용도 기피하고 있는 것으로 나타났다.,2
10744,"국세청 관계자는 """"현금 영수증 건당 평균 결제 금액이 3만~4만원 사이로 대부분 대형마트나 편의점 등에서 사용되고 있다""""며 """"5월에 비해 6월달 하락폭이 더 높아 고유가가 이어지는 이상 현금 영수증 발급 금액도 계속 영향을 받을 것으로 예상된다""""고 ◆명품은 '펑펑'…대형승용·수입車 판매 폭증경기침체가 가속화되면서 소비 양극화가 갈수록 심화되고 있다.",2
10758,"김경숙 대구시소상공인지원센터장은 """"창업시장에도 소비양극화가 갈수록 뚜렷해지고 있다""""면서 """"서민들이 외식비를 줄이면서 소규모 음식점은 문을 닫는 반면 투자비를 많이 들이고 최고급재료를 사용하는 고급 점포들은 불황을 비껴가고 있다""""고 말했다.",2
10824, 고유가에 따른 경기 한파에 내수 시장이 꽁꽁 얼어붙었고 중국 역시 대지진 등으로 올림픽 특수가 당초 기대에 못미친다는 평가다.,2
10832,삼성전자 관계자는 “국내 시장은 내수 불경기로 예전과 같은 구매 증가를 기대하기 어려운 상황”이라며 “올림픽이 열리는 중국 역시 대지진과 고유가 여파에 분위기가 좋을 수 많은 없다”고 전했다.,2
10844,(브뤼셀=연합뉴스) 이상인 특파원 = 유로화를 사용하는 유로존 15개 국이 지난 1분기(1-3월) 당초 예상치에 미치지 못하는 성장률을 기록했다.,2
10848,    하지만 전문가들은 천정부지로 치솟고 있는 유가 및 식품가로 인해 소비자들의 구매력이 줄어들고 유로화 강세로 수출마저 타격이 불가피해 2분기이후 유로존의 성장세가 크게 위축될 것으로 내다보고 있다.,2
10958," 그는 """"투자가 미뤄지고 스태그플레이션(물가상승 속 경기침체)과 버블 얘기가 나오는 등 경제심리가 극도로 위축되는 상황""""이라며 """"대출규제나 세금규제 완화보다는 효과가 약해 시장에 미칠 파급효과가 심대하지는 않을 것""""으로 전망했다.",2
11046,경련-R&R 조사 가장 시급한 과제는 '물가 안정'국민의 95.7%는 현재의 우리나라 경제상황에 대해 좋지 않다는 평가를 하고 있는 것으로 나타났다.,2
11047, 더구나 절반 가량의 국민이 향후 경제상황이 더욱 악화될 것으로 전망하는 등 현 경제상황에 대해 매우 부정적인 인식을 하고 있는 것으로 조사됐다.,2
11048,"""""향후 우리경제 악화될 것"""" 49.9%전국경제인연합회(전경련)은 13일 여론조사기관인 리서치앤리서치에 의뢰해 전국 성인 남녀 800명을 대상으로 실시한 여론조사에 따르면 현재의 우리나라 경제상황에 대해 응답자의 48.1%가 '매우 좋지 않다'고 답했다.",2
11049, 또 '안 좋은 편'이라는 응답도 47.6%로 부정적인 인식이 95.7%에 달했다.,2
11050, 긍적적인 응답은 3.5%에 그쳤다.,2
11052,향후 경제상황에 대한 질문에서도 49.9%가 '지금보다 더욱 악화될 것'이라고 응답했다.,2
11053, '좋아질 것'이라는 응답은 34.6%에 불과했다.,2
11055,"""""경제위기 재발하지 않을 것"""" 11.7%에 그쳐 한편 '제3의 오일 쇼크' '제2의 외환위기' 등 경제위기설이 제기되고 있는 가운데 국민들의 절대 다수가 경제위기 가능성에 대해 우려하고 있는 것으로 조사됐다.",2
11056, '97년 외환위기 수준은 아니지만 상당한 경제적 어려움이 예상된다'는 응답이 61.8% '97년 외환위기에 버금가는 경제위기가 재발할 수 있다'는 응답도 21.3%로 나타났다.,2
11057,'경제위기가 재발하지 않을 것'이란 응답은 11.7%에 그쳤다.,2
11110, 집값 하락이 지속되면서 집을 담보로 돈을 빌려 내집 마련에 나섰다가 빚을 갚지 못하는 이들이 급증하고 있다.,2
11151,    증시의 큰 손인 기관 투자자들도 움츠러 들고 있다.,2
11224,"기획재정부는 16일 """"최근의 고용부진은 경기둔화와 비정규직보호법 시행 그리고 특히 화물연대 파업 영향 등의 일시적 요인이 복합적으로 작용했기 때문""""이라고 밝혔다.",2
11226,재정부가 밝힌 지난달 고용 부진의 요인은 최근 소비·투자 등 내수가 약화되는 가운데 서비스업·건설업의 일자리 창출이 크게 둔화됐고 특히 서비스업·건설업의 경우 비중이 높은 임시·일용직의 감소폭이 컸기 때문인 것으로 나타났다.,2
11249,    중국의 상반기 경제성장률이 둔화할 것으로 전망되면서 투자자들이 얼어붙었다.,2
11280,"그는 특히 """"주택경기 위축과 금융불안이 소비와 경제활동에 미치는 악영향은 가계의 구매력을 위축시키는 고유가 등과 겹합돼 가중되고 있다""""고 지적했다.",2
11333,(광주=연합뉴스) 박성우 기자 = 광주의 실업률이 지난 5월과 6월 두달 연속 전국 최고치를 기록했다.,2
11334,    17일 광주전남통계청에 따르면 지난 6월 광주전남지역의 고용동향을 분석한 결과 광주의 실업률은 4.1%로 전국 평균치(3.1%)를 크게 웃돌면서 지난 5월 4.0%에 이어 두달째 전국 16개 시도 중 최고치를 나타냈다.,2
11341,    광주전남통계청은 광주지역 실업률이 높은 이유로 원자재 값 급등 등에 따른 내수침체로 제조업 경기가 위축되면서 이에 따른 인력감축을 들었고 청년실업률 상승은 상대적으로 취업할 수 있는 사업장 부족 및 임금.,2
11367,"    이총재는 """"우리 경제는 원유 등 국제원자재 가격급등의 영향으로 경기와 물가 양면에서 어려움이 커지고 있다""""며 """"국내경기는 상승세가 약화되고 있으며 물가는 목표범위를 크게 상회하는 가파른 오름세를 지속하고 있다""""고 진단했다.",2
11368,"    그는 """"앞으로 국내외 여건이 크게 개선되기 어려워 성장률이 낮아지는 가운데 물가는 상당기간 높은 오름세를 이어갈 전망""""이라고 말했다.",2
11371,"    그는 """"최근 유가급등 등으로 물가가 크게 오르고 경기가 둔화함에 따라 서민생활의 어려움이 커지고 있다""""면서 """"이런 상황에서 국민생활의 안정을 지켜야 할 한은의책무가 더욱 막중해지는 점을 인식하고 앞으로 정책수행 능력을 확충하는 데  최선의 노력을 경주해야 한다""""고 당부했다.",2
11432,"    이 총재는 이날 오전 한은 간부들이 참석하는 `경제상황 점검을 위한 확대연석회의'에서 """"국내경기는 수출호조에도 불구하고 소비 및 투자심리가 위축되면서 상승세가 약화되고 있으며 물가는 목표범위를 크게 상회하는 가파른 오름세를 지속하고 있다""""면서 이렇게 밝혔다.",2
11435,"    이 총재는 """"최근 유가급등으로 물가가 크게 오르고 경기가 둔화되면서 서민생활의 어려움이 커지고 있다""""면서 """"이런 상황에서는 국민생활의 안정을 지켜야할 한은의 책무가 더욱 막중해진다는 점을 인식해 정책수행 능력을 확충하는데 최선의 노력을 해야 한다""""고 말했다.",2
11456, 우리 사회의 ‘허리’인 중산층이 흔들리고 있다.,2
11457, 물가와 금리 주가 등 주요 경제지표는 어느 것 하나 긍정적인 것이 없어 중산층의 힘들고 고단한 삶을 버텨내줄 ‘희망의 끈’ 역할조차 못하고 있는 데다 촛불집회의 장기화 금강산 관광객 피격 사망 일본의 독도 영유권 주장 등이 겹치면서 막연한 불안감마저 증폭되고 있기 때문이다.,2
11492, 본격적으로 미국 서브프라임 모기지 부실여파가 전 세계로 파급되기 시작하면 소비둔화 움직임과 내수침체를 보이고 있는 우리나라도 적잖은 타격을 받을 것이란 전망이다.,2
11494,  ■미국과 비슷한 모습 보이는 한국 20일 금융권에 따르면 소득과 내수의 부진과 인플레이션 심리의 확산 가계와 중소기업 대출 연체율 상승 등 최근 국내에서 전개되는 모습이 미국의 상황과 비슷한 모습을 보이고 있다.,2
11497, 미국경제는 고유가 등에 따라 물가상승 압력은 높아지고 악화된 신용사정 등으로 미국 경제의 70%를 차지하는 소비도 둔화되는 모습을 보이며 경기하강 위험도 커지고 있는데 우리나라도 물가와 소비위축 부문에서 미국과 다르지 않다.,2
11498, 통계청이 발표한 지난 5월의 소비자기대지수도 전달보다 8.2포인트 내린 92.2로 기준치100보다 낮았고 그 하락폭은 지난 2000년 11월(8.3포인트) 이후 7년 6개월 만에 가장 컸을 정도로 현재의 소비심리는 얼어붙어 있기 때문이다.,2
11508, 가뜩이나 고유가 등 외부환경 때문에 실물경기가 둔화되면서 소비와 투자가 위축되고 있다.,2
11510,   신민영 LG경제연구원 연구위원은 “미국의 신용경색 원인은 금융기관들이 무리하게 주택·부동산과 관련한 대출을 했는데 주택·부동산 시장이 나빠지면서 문제가 곪아터진 것”이라면서 “미국발 신용경색이 고용사정과 경기가 나쁜 우리나라에 어느 정도 영향을 줄 수 있다”고 설명했다.,2
11686,[고용시장 위축 반영된 듯]지난주(14~19일) 신규 실업수당 신청건수가 전주대비 3만4000명 늘어난 40만6000으로 집계됐다고 미 노동부가 24일 발표했다.,2
11687, 이는 4개월만의 최대치로 경기 둔화가 고용시장에 영향을 미친 결과로 보인다.,2
11691, 보다 정확한 추이를 가늠할 수 있는 신규 실업수당 신청건수 4주 평균치는 38만2500건으로 전주의 37만8000건보다 증가했다.,2
11741,인플레 문제가 한동안 감소세를 보였던 아르헨티나의 빈곤층을 다시 늘렸다고 브라질 일간 에스타도 데 상파울루가 24일 보도했다.,2
11742," 보도에 따르면 아르헨티나 노동연구소(SEL)는 전날 발표한 자료를 통해 """"인플레 율 상승으로 지난 상반기에만 빈곤층이 42만명 극빈곤층은 33만5000명이 늘어난 것으로 조사됐다""""고 밝혔다.",2
11743, SEL은 4000여만명의 전체 인구 가운데 빈곤층은 30.4%에서 31.6%로 늘었으며 이 중 극빈곤층은 10.8%를 차지한다고 전했다.,2
11764,  기업호감지수는 2006년 12월 50.2점으로 최고 점수를 기록한 뒤 계속 하락하고 있다.,2
11765,  대한상의는 “2007년 12월 조사 때보다 국가경제 기여와 국제 경쟁력 부문에서 낮은 점수를 받아 기업호감지수가 더 떨어졌다”며 “이런 결과에는 어려운 경제여건 속에서 기업들이 투자 및 고용을 늘려주기를 바라는 국민적 기대도 담겨 있는 것”이라고 말했다.,2
11769, 하지만 내수경기는 더 나빠져 불안한  희소식입니다.,2
11776, 수출 경기와 내수 경기의 양극화가 나타나고있는 것도 큰 문제입니다.,2
11777,2분기 국내총생산 GDP에서수출이 차지하는 비율은 65%로 늘어난 반면 내수 경기를 반영하는 민간 소비의 비율은 사상 최저치를 기록했습니다.,2
11781,"""""경제의 기초 체력인 내수 침체가 계속되면서우리 경제가 해외 악재에 더욱 취약해지고있다는 경고가 잇따르고 있습니다.",2
11854," `글로벌 인베스터스 이스턴 유럽 펀드`의 공동 운용자 줄리안 마요는 """"시장의 심리가 매우 미약한 상황""""이라면서 """"투자자들은 약세장 심리에 휩싸여 잇어 공포가 점점 커지고 있다""""고 언급했다.",2
11877,국제유가가 상승한데다 주택 금융시장에 대한 우려로 뉴욕 증시가 2% 급락한 것이 투자심리를 얼어붙게 만들었습니다.,2
11892,IMF는 부동산 시장의 장기 침체가 소비자와 은행권의 신용악화로 이어지고 있다고 밝혔습니다.,2
11919,한국 경제의 수출 의존형 성장이 강화되는 가운데 내수 증가세가 갈수록 둔화되고 있다.,2
11920,  국내총생산(GDP) 대비 수출의 비율이 사상 최고치로 올라갔지만 내수의 비율은 사상 최저로 떨어졌다.,2
11921,  이에 따라 지표상 경제는 성장세지만 고용이 급감하고 소비가 급랭하는 양극화 현상이 심화되고 경제 전체로는 대외여건 변화에 취약한 구조가 고착화되고 있다.,2
11925, 그러나 내수에 해당하는 민간소비의 GDP 대비 비율은 2·4분기에 48.3%로 사상 최저치를 기록했다.,2
11928, 이에 따라 지난 2·4분기의 전년 동기 대비 실질성장률 4.8% 가운데 민간소비·건설투자·설비투자 등 내수의 기여도는 1.8% 순수출(수출-수입)은 3.3%였고 통계상 불일치는 -0.3%였다.,2
11988, 금융연구원은 하반기 경제성장률 전망을 하향 조정한데 대해 내수 악화와 세계경제 둔화 추세를 반영했다고 설명했다.,2
11989," 연구원은 """"하반기 국내 물가상승률이 높아지고 고용환경이 악화되는 등 리스크가 커질 것""""이라며 """"세계경제가 둔화되고 원자재가격이 상승하면서 수출도 둔화 성장률이 떨어지는 효과가 있을 전망""""이라고 밝혔다.",2
12018,조 회장은 석유 등 원자재값의 급등에 따라 세계 시장에 인플레이션을 가져왔다고 진단하고 이 시기 우리 경제가 심각한 위기에 처할 수 있음을 우려했다.,2
12020,이는 경기가 예상보다 급속히 냉각되고 있고 민간소비마저 4년만에 전년대비 마이너스를 기록해 우리 경제가 활력을 잃고 있다는 것으로 분석되고 있다.,2
12022,"그는 특히 """"촛불집회의 장기화와 노조의 파업 국회의 파행 등 갈등과 분열이 우리 경제를 한층 힘들게 만들고 있다""""며 """"지금과 같이 사회가 불안하면 투자가 일어나지 않고 일자리 창출도 되지 않는 것""""이라고 말했다.",2
12053,이날 뉴욕 증시에는 전망치를 밑돈 2·4분기 국내총생산(GDP) 성장률과 5년래 최고치를 기록한 지난주 신규실업수당청구건수가 악재로 작용한 것으로 분석된다.,2
12102,비교적 신용높은 주택대출자 연체율도 급증미국 모기지 시장에 서브프라임모기지 부실사태 이후 또 한차례 한파가 몰아칠 것이라는 분석이 제기됐다.,2
12149,  전문가들은 허리케인 위험이 완화됐고 여기에 미국 경기 침체로 수요가 줄어들 것이라는 전망이 반영됐다고 전했다.,2
12151,"  런던에 위치한 배치 커모디티스의 크리스토퍼 벨루 중개인은 """"허리케인으로 인한 생산 중단이 와도 지금의 가솔린 재고는 이를 감당할 정도로 충분하다""""며 """"투자자들도 허리케인보다 경기침체와 수요 감소를 주목했다""""고 전했다.",2
12155," 경제학 학사에 공공정책 석사학위까지 있지만 번번이 퇴짜를 맞았다"""" """"경영컨설팅과 마케팅 분야 취업을 희망하며 뉴욕 보스턴 등에 있는 50개 기업에 취업을 시도했으나 모두 고배를 마셨다.",2
12158, 워싱턴포스트지는 3일 경기침체로 미 대졸생들도 심각한 취업난에 시달리고 있다고 보도했다.,2
12163, 워싱턴포스트는 특히 서브프라임 모기지(비우량 주택담보대출) 사태 여파에 따라 금융서비스 분야에서 일자리를 구하기가 가장 어렵다고 전했다.,2
12165," 미 경제정책연구소의 로렌스 미셸 회장은 """"대학 졸업생이 과거 블루칼라 노동자들이 걸머졌던 유사한 취업난에 봉착했다""""고 말했다.",2
12211,전미주택건설업협회(NAHB)의 주택시장지수는 최근 오히려 추가하락을 기록하며 주택경기 심리지표가 이미 바닥권에 도달했을 것이라는 예상을 무색하게 하고 있다.,2
12243, 또 부동산 개발업체의 평균 부채비율이 400% 이상을 기록하고 있고 주택담보대출비율(LTV)도 70% 수준을 보이는 등 가계 부채 규모도 상당할 것으로 보인다.,2
12304,물가급등으로 불변금액 기준 소매판매액이 통계청 집계 이래 사상 최대폭으로 줄어드는 등 내수부문의 소비심리 위축이 심각한 것으로 나타났다.,2
12305, 통계청이 6일 발표한 '6월 및 2/4분기 소매판매액 동향' 보고서에 따르면 6월 소매판매액은 20조1146억원으로 전년동월대비 6.8% 증가해 지난해 12월 3.5% 이래 최저치를 기록했다.,2
12307, 2005년 가격 기준인 불변금액으로는 18조4875억원으로 전년동월대비 1%가 감소 지난 2006년 7월 0.6% 줄어든 이래 최대 감소폭을 보였다.,2
12316,전통시장 지하상가 주유소 승용차 판매점 등 전문상품소매점은 11조9511억원의 매출로 전월 10.7%보다 급격히 하락한 4.6% 증가에 그쳤다.,2
12317, 승용차(-5.2%)와 가구(-8.8%) 등의 판매부진이 이유인 것으로 분석됐다.,2
12354, 미국이 긴축정책을 택할 경우 실업률이 증가하고 경제의 최대 쟁점으로 떠오르고 있는 주택시장 침체가 더욱 가속화되면서 경기가 더욱 악화될 수 있기 때문이다.,2
12357, 그러나 지난 6월 소비증가율은 0.6%에 그쳐 인플레이션으로 소비가 위축되고 있음을 보여줬다.,2
12403,    또 금리인상의 수혜주로 꼽히던 은행주는 건설사와 가계 대출이 부실화될 수 있다는 점이 부각되고 있는 것으로 분석된다.,2
12417, 한은은 경기흐름과 관련 &ldquo;내수부문의 부진이 지속되겠지만 수출이 버팀목 역할을 함에 따라 지난 7월 초에 전망한 성장경로를 크게 벗어나지 않을 것&rdquo;이라고 밝혔다.,2
12439,우리나라 근로자들의 시간당 노동생산성은 미국의 41% 경제협력개발기구(OECD) 평균의 54%에 불과해 선진국과의 생산성 격차가 여전한 것으로 드러났다.,2
12459, 지난주 한국은행 금융통화위원회의 기준금리 인상에 따른 가계와 기업의 심리적 위축과 지난 8일 그루지아와 러시아의 분쟁으로 국제원유 가격의 불안함이 재차 대두되고 있기 때문이다.,2
12741,최근 러시아에서 발생한 TNK-BP나 메첼 사건으로 투자자들의 우려가 커지고 있는 가운데 러시아-그루지야간 무력충돌까지 발생하면서 월가에 대(對) 러시아 투자에 대한 경보가 발령됐다.,2
12859, 또 경제 성장률은 지난 2006년 11.1%에서 2007년 11.9%로 상승했지만 △2008년 9.8% △2009년 8.1%로 낮아질 것으로 예상되고 있다소비도 하락세를 보이고 있다.,2
12889, 소비 심리가 크게 위축되면서 실제 소비도 뒷걸음치기 시작한 것.,2
12890, 백화점을 주로 이용하는 계층들 역시 전반적인 소비 심리 위축 분위기에서 자유롭지 못한 것으로 풀이된다.,2
12895,최근 일자리 창출 폭이 정부 목표치인 20만명에도 못 미치는 등 고용시장에 한파가 불어닥치면서 아예 일자리 찾기를 포기하는 이들이 늘어나고 있다.,2
12896,19일 통계청에 따르면 지난 7월 현재 비경제활동인구 중 구직단념자는 12만명으로 전년 동월에 비해 15.5%(1만6100명) 증가했다.,2
12897, 전년 동월 대비 구직단념자 수는 올해 4월까지 13개월 동안 감소세를 지속하다가 5월 7500명 6월 1만8300명 7월 1만6100명 등 3개월 연속 큰 폭의 증가세를 나타내고 있다.,2
12902, 반면 여자 구직단념자는 7월 현재 5만5000명으로 전년 동월에 비해 1만7200명 증가하면서 5개월 연속 증가세를 이어갔다.,2
13101,고물가로 국민들의 소비심리가 꽁꽁 얼어붙은 가운데 고소득층과 저소득층간의 소득 격차도 통계가 작성되기 시작한 지난 2003년 이후 가장 높게 나타났다.,2
13103, 그러나 실질 소득은 거의 늘지 않았다.,2
13106,  소득이 정체 상태이다 보니 소비 지출도 줄었다.,2
13109, 그러나 소비자물가를 감안한 실질 소비지출은 오히려 0.2% 줄었다.,2
13114, 대학교 등록금 학원비 등이 오른 데다 국제 원자재 가격이 치솟아 라면 밀가루 등 각종 생필품 가격이 올랐기 때문이다.,2
13115,  국민들이 허리띠를 바짝 졸라매고 있지만 소득 분배는 더욱 악화되고 있다.,2
13118, 서민들의 고통이 최고조에 이르렀다는 얘기다.,2
13120,  기획재정부 관계자는 “유가와 곡물가격 인상이 필수지출인 식료품비 교육비 교통비의 상승으로 이어지는 등 가계의 부담을 가중시키고 있다”고 진단했다.,2
13196,"    서춘수 신한은행 스타시티지점장은 """"해외 유학생 자녀를 둔 실수요자들이 환율 급등으로 발을 동동 구르며 당황하는 모습이었다""""며 """"앞으로 환율이 더 오를 가능성이 높기 때문에 지금부터라도 조금씩 분할 매수할 필요가 있다""""고 조언했다.",2
13227,생필품 가격이 오르면서 지난 2분기 도시 근로자 가구의 식료품비는 지난해 같은 기간에 비해 10%가 증가했습니다.,2
13228,주거비와 교육비도 18% 이상 늘었고 의류신발비는 8.3% 늘어났습니다.,2
13229, 이에 따라 도시근로자 가구의 전체 지출은 8.9%가 늘었습니다.,2
13230,반면 같은 기간 소득은 8.5%가 느는데 그치면서 적자 가구 비율은 1년만에 1.2% 포인트 상승한 23.2%로 나타났습니다.,2
13231,특히 전국가구를 기준으로한 적자 가구 비율은 28.1%로 2003년 통계 작성을 시작한 이후 가장 높은 수준을 기록했습니다.,2
13232, 소득이 상위 70%에 속하는 고소득층과 중산층의 적자가구 비중이 늘었고 하위 30% 계층도 절반 정도가 적자를 냈습니다.,2
13233,앞으로가 더 걱정입니다.,2
13234,지난달 5.9% 였던 소비자물가 상승세는 더욱 심화되고 있습니다.,2
13235,[장재철/삼성경제연구소 수석연구원 :국제유가의 하향 안정세에도 불구하고 최근 원&middot;달러 환율이 상승하고 있고 그동안 있었던 물가 상승률압력이 서비스 부분으로 확산되면서 8월 소비자 물가는 6%를 넘어설 것으로 예상이됩니다.,2
13236,]금리마저 오르면서 대출이 많은 가구는 이자 부담에 사정이 더욱 심각합니다.,2
13237,주택담보대출금리는 고정금리의 경우 10%대에 육박했고 변동형 금리도 최고 8.4%에 달합니다.,2
13238,꺾일 줄 모르는 물가 상승세에다 금리 부담까지 커지면서 각 가계가 짊어져야 할 부담은 점점 늘어나고 있습니다.,2
13245,  특히 미국 경제성장의 최대 동력인 소비의 위축이 가속화되면서 금융권의 미래를 더욱 어둡게 만들고 있다.,2
13247, 카드론 오토론 등 소비와 관련된 부실이 지속적으로 늘고 있다는 게 단적인 사례다.,2
13250, 모기지발 부실자산은 매분기마다 쉴새없이 떨궈내야 하고 경제 및 소비활동의 부진으로 인해 돈장사를 제대로 못하는 상황이니 장밋빛 전망은 시기상조라는 지적이다.,2
13341,시장 불안 심화…건설업·중소기업·자영업·가계부채 등 '뇌관'한국은행이 27일 최근 환율급등으로 다시 고개를 들기 시작한 '9월 위기설'에 대해 적극 진화하고 나섰다.,2
13360,물가 부담은 서민들의 지갑을 닫게 만들어 내수침체로 이어진다.,2
13372," 한은 해외조사실의 정후식 전문연구원은 26일 """"한국의 경우 은행들의 무리한 대출경쟁 등으로 가계부채가 빠르게 늘어나고 있다""""면서 """"기업부채 보다는 가계부채의 증가에 신경을 쓸 필요가 있다""""고 지적했다.",2
13398,거래대금이 3조원대로 급감하고 투자심리가 악화된 상황에서 외국인 순매도가 꾸준히 강화되고 있고 프로그램 매매가 꾸준히 유입돼 지수를 방어하고 있다.,2
13473,미국에서도 ‘부익부 빈익빈(富益富 貧益貧)’ 현상이 심화되고 있다.,2
13474, 순자산이 2000만달러(약 200억원)를 넘는 이른바 ‘슈퍼 부자’가 늘어난 반면 개인 파산도 급증세다.,2
13486, 지난해 6월 말 파산신고 건수는 75만1056건으로 1년 사이 29% 폭증했다.,2
13487,개인 파산신고는 72만7167건에서 93만4009건으로 28% 늘었고 사업자 파산신고는 2만3889건에서 3만3822건으로 41% 증가했다.,2
13488,미국파산연구소(ABI) 상임연구원인 잭 윌리엄스는 “암울한 경제뉴스가 이어지고 있어 파산 소용돌이도 계속될 것”이라고 전망했다.,2
13489, 그는 “주택시장 문제가 계속 경제에 악영향을 미치면서 파산신고 건수가 올해 120만건에 달할 것”이라고 예상했다.,2
13523,중국증시의 끝모를 추락에 중국펀드에 투자한 국내투자자들의 손실도 급증하고 있습니다.,2
13609, 특히 주택담보대출 금리가 사상 최고치인 연 9%를 넘어서는 등 서민들의 부담이 갈수록 커져 주택 구매심리가 급격하게 떨어지고 있다.,2
13669,경총 실태조사 결과     (서울=연합뉴스) 서한기 기자 = 올 한가위에는 근로자들의 지갑이 예년보다 더 얇아질 것으로 보인다.,2
13670, 추석 상여금을 주는 기업과 지급 액수가 모두 줄어들 것으로 예상되기 때문이다.,2
13671,    31일 한국경영자총협회(경총)가 전국 100인 이상 246개 기업을 대상으로 실시한 '2008년 추석연휴 및 상여금 실태조사' 결과에 따르면 올 추석 상여금은 전년(94만9천원)보다 6만9천원 감소한 평균 88만원으로 조사됐다.,2
13672,     이는 기본급 기준 지급률로 볼 때 72.4%로 전년(80.2%)에 비해 7.8%포인트 준 것이다.,2
13673, 추석 상여금 지급률은 지난 2004년 96.5%를 정점으로 계속 줄어 지난 4년간 24.1%포인트나 준 것으로 나타났다.,2
13674,     또 추석 상여금을 주는 기업도 줄었다.,2
13675,    추석 상여금을 지급할 예정인 기업은 65.9%로 전년의 68.1%에 비해 2.2%포인트 감소했다.,2
13676,"     경총 관계자는 """"고유가와 환율 불안정 심화 등으로 촉발된 경기 침체가 기업의 추석 상여금에 영향을 끼친 것으로 보인다""""고 분석했다.",2
13678,"     이에 대해 """"대기업을 중심으로 연봉제 도입 기업이 증가함에 따라 별도의 추석 상여금을 지급하지 않는 기업이 늘어나고 있는 것""""으로 경총은 해석했다.",2
13707,  지출이 늘어나는 추석을 앞두고 대출금리 인상이 전방위로 확산되면 가뜩이나 고환율과 고물가에 시달리고 있는 서민 가계와 중소기업의 시름이 깊어질 전망이다.,2
13719, 이처럼 은행들이 내부 기준금리를 인상하게 되면 고환율과 고물가가 지속되고 있는 상황에서 경제주체들의 소비 위축이 심화되는 등 고통이 더 커질 수밖에 없을 것으로 보인다.,2
13720,  대출금리 인상이 주택대출금리에서 신용대출 중소기업대출 등 전방위로 확산되면서 지출이 크게 늘어나는 추석을 앞두고 금리마저 치솟으면 부담이 가중되기 때문이다.,2
13945,    더타임스는 산업은행에 밀접한 관계자를 인용 한국 경제가 어렵고 은행권의 가계부채가 높은 만큼 능력이 되는 컨소시엄을 구성하는 것을 추진하고 있다고 덧붙였다.,2
14038,(서울=연합인포맥스) 유승기 기자= 월가 전문가들은 4일(미국시간) 소비둔화 우려가 팽배해 있다며 소비자들은 물가 상승과 고용여건 악화 신용경색 등으로 전방위적인 압박을 받고 있다고 진단했다.,2
14039,"    웨스트우드 캐피털의 렌 브럼 이사는 """"증시가 미 경기둔화 양상을 정확히 반영하고 있다""""며 """"미 경제가 기술적 의미에서 침체에 빠졌는지 여부와 관계없이 현재 경제여건은 침체처럼 느껴지고 있으며 이는 소비둔화에 따른 것""""이라고 설명했다.",2
14040,"    그는 """"소비자들이 전방위로 압박을 받고 있다""""며 """"소비자들은 식료품 가게와 주유소에서 가격 압력을 받을 뿐 아니라 대출을 받을 수도 없고 직장을 얻기도 힘들다""""고 분석했다.",2
14042,"    머크 인베스트먼트의 조셉 브루수엘라 수석 이코노미스트는 """"주간 실업보험 청구건수를 보면 고용여건이 계속 악화되고 있음을 알 수 있다""""고 지적했다.",2
14107,우리나라의 가계 빚이 급증세를 보이면서 가구당 평균 4000만원에 육박하는 것으로 나타났다.,2
14108,한국은행이 4일 발표한 `2008년 2분기 중 가계신용 동향'에 따르면 지난 6월말 현재 가계대출과 신용카드 등에 의한 외상구매(판매신용)를 합한 가계신용 잔액은 660조3060억원으로 지난 3월말에 비해 19조8336억원(3.1%) 증가했다.,2
14109, 통계청의 올 추계 가구수가 1667만3162가구인 점을 감안할 때 가구당 부채는 사상 최대 규모인 3960만원 정도다.,2
14110,지난 2분기 가계 빚 증가 규모는 전분기 9조7938억원과 전년 동기 9조9238억원의 두 배에 육박하는 수준이다.,2
14111, 2분기 기준으로는 지난 2002년 2분기(29조원) 이후 최대 증가액이다.,2
14212, 생활비 부담이 커진 많은 가정이 급하지 않은 소비를 우선적으로 줄이고 있는 것.,2
14319,    1인당 국내총생산(GDP)은 계속 줄어들어 1999년 수준의 60%로 떨어졌고 실업률은 1999년의 21%에서 지난 해 29%로 증가했다.,2
14320, 빈곤선 밑에서 사는 주민은 2005년의 52%에서 2006년 57%로 확대됐다.,2
14321,    그리고 지난 해에 무려 전체 가구의 62%가 2000년도의 소득 중 절반 이상을 잃었다.,2
14322,    팔레스타인 주민의 40%인 150만명이 거주하는 가자 지역은 사실상 고립돼 있어 상황이 더욱 나쁜 상태이며 가자 지역과 서안 지역 간의 생활 수준 차이는 점점 더 벌어지고 있다고 보고서는 전했다.,2
14334, 지난주 발표된 미국의 8월 실업률은 6.1%로 5년만에 최고치로 치솟아 경제 전망에 대한 우려를 키우기도 했다.,2
14438, 특히 가계부채의 급증과 부동산 프로젝트 파이낸싱(PF) 대출 부실 가능성 경상수지 적자 확대로 인한 외환보유액 감소 물가불안 등 한국경제의 기초가 불안한 상황이라 위기가 반복될 여지가 곳곳에 도사리고 있다.,2
14439, 이 대통령이 국민과의 대화에서 언급한 가계부채 급증으로 인한 부실은 경기하락과 금리상승세가 지속될 경우 언제 터질지 모르는 시한폭탄으로 꼽히고 있다.,2
14440,6월말 현재 개인이 금융기관에서 빌린 가계신용(가계대출+판매신용) 잔액은 660조3000억원으로 전분기에 비해 약 20조원이 늘었다.,2
